刘耕宏谈流量焦虑_最终事件描述,刘畊宏谈流量焦虑事件在24小时内呈现从共情支持到理性分化的演变趋势。初期（1-17小时），舆论以正向为主，多数网友对其心理压力表示理解，赞赏其超脱流量、追求真实价值的清醒态度，仅少数负面声音夹杂地域调侃。18小时后，评论逐渐两极分化：超80%的公众持续肯定其“豁达格局”和“正能量”形象，将其乐观心态视为行业标杆；约30%的质疑声则指向“疫情红利消退”“商业化过急”（如旅游套餐争议）及直播间细节矛盾。后期（20-23小时），讨论更趋理性，支持者强调其经济无忧与健身内容价值，批评者聚焦专业性质疑及过往争议，但核心议题始终围绕“心态”展开。整体上，事件强化了刘畊宏“心态榜样”的公众形象，同时暴露流量时代下公众人物面临的信任与商业化平衡难题。（198字）,0,"[0, 1, 0, 0, 0, 0, 0, 0, 1, 0, 0, 0, 0, 0, 0, 0, 0, 0, 11, 5, 3, 3, 1]"
雪莉哥哥发ins_最终事件描述,"**雪莉哥哥发ins事件总述**  
该事件始于其兄发布争议性内容，舆论初期以玩梗调侃为主，中期转向对雪莉的怀念，后期逐渐演变为对原生家庭、娱乐圈黑幕的严肃讨论。随着时间推移（9061小时后），焦点急剧转向金秀贤，大量指控将其与雪莉、具荷拉等女星的非正常死亡关联，质疑其涉及性剥削、资本操控等罪行，引发愤怒与追责声浪。事件呈现两极化：一方谴责家属消费逝者（如遗产纠纷动机），另一方则认为爆料可能揭露隐情。讨论逐渐脱离个体争议，升级为对韩国财阀体系、娱乐圈结构性压迫的批判。整体趋势显示，公众情绪从轻浮转向激愤，真相诉求与阴谋论交织，反映出对韩娱生态的深层不信任，最终形成缅怀逝者与声讨黑暗并存的复杂局面。（198字）",1,"[0, 0, 0, 0, 0, 0, 0, 0, 0, 1, 0, 1, 1, 0, 0, 0, 0, 0, 0, 0, 0, 0, 0, 1, 0, 0, 0, 0, 0, 0, 0, 0, 0, 0, 1, 0, 0, 0, 0, 0, 0, 0, 0, 0, 0, 0, 0, 0, 0, 0, 0, 0, 0, 0, 0, 0, 0, 1, 0, 0, 0, 0, 0, 0, 0, 0, 0, 0, 0, 0, 0, 0, 0, 0, 0, 0, 0, 0, 0, 0, 0, 0, 0, 0, 0, 0, 0, 0, 0, 0, 0, 0, 0, 0, 0, 0, 0, 0, 0, 0, 0, 0, 0, 0, 0, 0, 0, 0, 0, 0, 0, 0, 0, 0, 0, 0, 0, 0, 0, 0, 0, 0, 0, 0, 0, 0, 0, 0, 0, 0, 0, 0, 0, 0, 0, 0, 0, 0, 0, 0, 0, 0, 0, 0, 0, 0, 0, 0, 0, 0, 0, 0, 0, 0, 0, 0, 0, 0, 0, 0, 0, 0, 0, 0, 0, 0, 0, 0, 0, 0, 0, 0, 0, 0, 0, 0, 0, 0, 0, 0, 0, 0, 0, 0, 0, 0, 0, 0, 0, 0, 0, 0, 0, 0, 0, 0, 0, 0, 0, 0, 0, 0, 0, 0, 0, 0, 0, 0, 0, 0, 0, 0, 0, 0, 0, 0, 0, 0, 0, 0, 0, 0, 0, 0, 0, 0, 0, 0, 0, 0, 0, 0, 0, 0, 0, 0, 0, 0, 0, 0, 0, 0, 0, 0, 0, 0, 0, 0, 0, 0, 0, 0, 0, 0, 0, 0, 0, 0, 0, 0, 0, 0, 0, 0, 0, 0, 0, 0, 0, 0, 0, 0, 0, 0, 0, 0, 0, 0, 0, 0, 0, 0, 0, 0, 0, 0, 0, 0, 0, 0, 0, 0, 0, 0, 0, 0, 0, 0, 0, 0, 0, 0, 0, 0, 0, 0, 0, 0, 0, 0, 0, 0, 0, 0, 0, 0, 0, 0, 0, 0, 0, 0, 0, 0, 0, 0, 0, 0, 0, 0, 0, 0, 0, 0, 0, 0, 0, 0, 0, 0, 0, 0, 0, 0, 0, 0, 0, 0, 0, 0, 0, 0, 0, 0, 0, 0, 0, 0, 0, 0, 0, 0, 0, 0, 0, 0, 0, 0, 0, 1, 0, 0, 0, 0, 0, 0, 0, 0, 0, 0, 0, 0, 0, 0, 0, 0, 0, 0, 0, 0, 0, 0, 0, 0, 0, 0, 0, 0, 0, 0, 0, 0, 0, 0, 0, 0, 0, 0, 0, 0, 0, 0, 0, 0, 0, 0, 0, 0, 0, 0, 0, 0, 0, 0, 0, 0, 0, 0, 0, 0, 0, 0, 0, 0, 0, 0, 0, 0, 0, 0, 0, 0, 0, 0, 0, 0, 0, 0, 0, 0, 0, 0, 0, 0, 0, 0, 0, 0, 0, 0, 0, 0, 0, 0, 0, 0, 0, 0, 0, 0, 0, 0, 0, 0, 0, 0, 0, 0, 0, 0, 0, 0, 0, 0, 0, 0, 0, 0, 0, 0, 0, 0, 0, 0, 0, 0, 0, 0, 0, 0, 0, 0, 0, 0, 0, 0, 0, 0, 0, 0, 0, 0, 0, 0, 0, 0, 0, 0, 0, 0, 0, 0, 0, 0, 0, 0, 0, 0, 0, 0, 0, 0, 0, 0, 0, 0, 0, 0, 0, 0, 0, 0, 0, 0, 0, 0, 0, 0, 0, 0, 0, 0, 0, 0, 0, 0, 0, 0, 0, 0, 0, 0, 0, 0, 0, 0, 0, 0, 0, 0, 0, 0, 0, 0, 0, 0, 0, 0, 0, 0, 0, 0, 0, 0, 0, 0, 0, 0, 0, 0, 0, 0, 0, 0, 0, 0, 0, 0, 0, 0, 0, 0, 0, 0, 0, 0, 0, 0, 0, 0, 0, 0, 0, 0, 0, 0, 0, 0, 0, 0, 0, 0, 0, 0, 0, 0, 0, 0, 0, 0, 0, 0, 0, 0, 0, 0, 0, 0, 0, 0, 0, 0, 0, 0, 0, 0, 0, 0, 0, 0, 0, 0, 0, 0, 0, 0, 0, 0, 0, 0, 0, 0, 0, 0, 0, 0, 0, 0, 0, 0, 0, 0, 0, 0, 0, 0, 0, 0, 0, 0, 0, 0, 0, 0, 0, 0, 0, 0, 0, 0, 0, 0, 0, 0, 0, 0, 0, 0, 0, 0, 0, 0, 0, 0, 0, 0, 0, 0, 0, 0, 0, 0, 0, 0, 0, 0, 0, 0, 0, 0, 0, 0, 0, 0, 0, 0, 0, 0, 0, 0, 0, 0, 0, 0, 0, 0, 0, 0, 0, 0, 0, 0, 0, 0, 0, 0, 0, 0, 0, 0, 0, 0, 0, 0, 0, 0, 0, 0, 0, 0, 0, 0, 0, 0, 0, 0, 0, 0, 0, 0, 0, 0, 0, 0, 0, 0, 0, 0, 0, 0, 0, 0, 0, 0, 0, 0, 0, 0, 0, 0, 0, 0, 0, 0, 0, 0, 0, 0, 0, 0, 0, 0, 0, 0, 0, 0, 0, 0, 0, 0, 0, 0, 0, 0, 0, 0, 0, 0, 0, 0, 0, 0, 0, 0, 0, 0, 0, 0, 0, 0, 0, 0, 0, 0, 0, 0, 0, 0, 0, 0, 0, 0, 0, 0, 0, 0, 0, 0, 0, 0, 0, 0, 0, 0, 0, 0, 0, 0, 0, 0, 0, 0, 0, 0, 0, 0, 0, 0, 0, 0, 0, 0, 0, 0, 0, 0, 0, 0, 0, 0, 0, 0, 0, 0, 0, 0, 0, 0, 0, 0, 0, 0, 0, 0, 0, 0, 0, 0, 0, 0, 0, 0, 0, 0, 0, 0, 0, 0, 0, 0, 0, 0, 0, 0, 0, 0, 0, 0, 0, 0, 0, 0, 0, 0, 0, 0, 0, 0, 0, 0, 0, 0, 0, 0, 0, 0, 0, 0, 0, 0, 0, 0, 0, 0, 0, 0, 0, 0, 0, 0, 0, 0, 0, 0, 0, 0, 0, 0, 0, 0, 0, 0, 0, 0, 0, 0, 0, 0, 0, 0, 0, 0, 0, 0, 0, 0, 0, 0, 0, 0, 0, 0, 0, 0, 0, 0, 0, 0, 0, 0, 0, 0, 0, 0, 0, 0, 0, 0, 0, 0, 0, 0, 0, 0, 0, 0, 0, 0, 0, 0, 0, 0, 0, 0, 0, 0, 0, 0, 0, 0, 0, 0, 0, 0, 0, 0, 0, 0, 0, 0, 0, 0, 0, 0, 0, 0, 0, 0, 0, 0, 0, 0, 0, 0, 0, 0, 0, 0, 0, 0, 0, 0, 0, 0, 0, 0, 0, 0, 0, 0, 0, 0, 0, 0, 0, 0, 0, 0, 0, 0, 0, 0, 0, 0, 0, 0, 0, 0, 0, 0, 0, 0, 0, 0, 0, 0, 0, 0, 0, 0, 0, 0, 0, 0, 0, 0, 0, 0, 0, 0, 0, 0, 0, 0, 0, 0, 0, 0, 0, 0, 0, 0, 0, 0, 0, 0, 0, 0, 0, 0, 0, 0, 0, 0, 0, 0, 0, 0, 0, 0, 0, 0, 0, 0, 0, 0, 0, 0, 0, 0, 0, 0, 0, 0, 0, 0, 0, 0, 0, 0, 0, 0, 0, 0, 0, 0, 0, 0, 0, 0, 0, 0, 0, 0, 0, 0, 0, 0, 0, 0, 0, 0, 0, 0, 0, 0, 0, 0, 0, 0, 0, 0, 0, 0, 0, 0, 0, 0, 0, 0, 0, 0, 0, 0, 0, 0, 0, 0, 0, 0, 0, 0, 0, 0, 0, 0, 0, 0, 0, 0, 0, 0, 0, 0, 0, 0, 0, 0, 0, 0, 0, 0, 0, 0, 0, 0, 0, 0, 0, 0, 0, 0, 0, 0, 0, 0, 0, 0, 0, 0, 0, 0, 0, 0, 0, 0, 0, 0, 0, 0, 0, 0, 0, 0, 0, 0, 0, 0, 0, 0, 0, 0, 0, 0, 0, 0, 0, 0, 0, 0, 0, 0, 0, 0, 0, 0, 0, 0, 0, 0, 0, 0, 0, 0, 0, 0, 0, 0, 0, 0, 0, 0, 0, 0, 0, 0, 0, 0, 0, 0, 0, 0, 0, 0, 0, 0, 0, 0, 0, 0, 0, 0, 0, 0, 0, 0, 0, 0, 0, 0, 0, 0, 0, 0, 0, 0, 0, 0, 0, 0, 0, 0, 0, 0, 0, 0, 0, 0, 0, 0, 0, 0, 0, 0, 0, 0, 0, 0, 0, 0, 0, 0, 0, 0, 0, 0, 0, 0, 0, 0, 0, 0, 0, 0, 0, 0, 0, 0, 0, 0, 0, 0, 0, 0, 0, 0, 0, 0, 0, 0, 0, 0, 0, 0, 0, 0, 0, 0, 0, 0, 0, 0, 0, 0, 0, 0, 0, 0, 0, 0, 0, 0, 0, 0, 0, 0, 0, 0, 0, 0, 0, 0, 0, 0, 0, 0, 0, 0, 0, 0, 0, 0, 0, 0, 0, 0, 0, 0, 0, 0, 0, 0, 0, 0, 0, 0, 0, 0, 0, 0, 0, 0, 0, 0, 0, 0, 0, 0, 0, 0, 0, 0, 0, 0, 0, 0, 0, 0, 0, 0, 0, 0, 0, 0, 0, 0, 0, 0, 0, 0, 0, 0, 0, 0, 0, 0, 0, 0, 0, 0, 0, 0, 0, 0, 0, 0, 0, 0, 0, 0, 0, 0, 0, 0, 0, 0, 0, 0, 0, 0, 0, 0, 0, 0, 0, 0, 0, 0, 0, 0, 0, 0, 0, 0, 0, 0, 0, 0, 0, 0, 0, 0, 0, 0, 0, 0, 0, 0, 0, 0, 0, 0, 0, 0, 0, 0, 0, 0, 0, 0, 0, 0, 0, 0, 0, 0, 0, 0, 0, 0, 0, 0, 0, 0, 0, 0, 0, 0, 0, 0, 0, 0, 0, 0, 0, 0, 0, 0, 0, 0, 0, 0, 0, 0, 0, 0, 0, 0, 0, 0, 0, 0, 0, 0, 0, 0, 0, 0, 0, 0, 0, 0, 0, 0, 0, 0, 0, 0, 0, 0, 0, 0, 0, 0, 0, 0, 0, 0, 0, 0, 0, 0, 0, 0, 0, 0, 0, 0, 0, 0, 0, 0, 0, 0, 0, 0, 0, 0, 0, 0, 0, 0, 0, 0, 0, 0, 0, 0, 0, 0, 0, 0, 0, 0, 0, 0, 0, 0, 0, 0, 0, 0, 0, 0, 0, 0, 0, 0, 0, 0, 0, 0, 0, 0, 0, 0, 0, 0, 0, 0, 0, 0, 0, 0, 0, 0, 0, 0, 0, 0, 0, 0, 0, 0, 0, 0, 0, 0, 0, 0, 0, 0, 0, 0, 0, 0, 0, 0, 0, 0, 0, 0, 0, 0, 0, 0, 0, 0, 0, 0, 0, 0, 0, 0, 0, 0, 0, 0, 0, 0, 0, 0, 0, 0, 0, 0, 0, 0, 0, 0, 0, 0, 0, 0, 0, 0, 0, 0, 0, 0, 0, 0, 0, 0, 0, 0, 0, 0, 0, 0, 0, 0, 0, 0, 0, 0, 0, 0, 0, 0, 0, 0, 0, 0, 0, 0, 0, 0, 0, 0, 0, 0, 0, 0, 0, 0, 0, 0, 0, 0, 0, 0, 0, 0, 0, 0, 0, 0, 0, 0, 0, 0, 0, 0, 0, 0, 0, 0, 0, 0, 0, 0, 0, 0, 0, 0, 0, 0, 0, 0, 0, 0, 0, 0, 0, 0, 0, 0, 0, 0, 0, 0, 0, 0, 0, 0, 0, 0, 0, 0, 0, 0, 0, 0, 0, 0, 0, 0, 0, 0, 0, 0, 0, 0, 0, 0, 0, 0, 0, 0, 0, 0, 0, 0, 0, 0, 0, 0, 0, 0, 0, 0, 0, 0, 0, 0, 0, 0, 0, 0, 0, 0, 0, 0, 0, 0, 0, 0, 0, 0, 0, 0, 0, 0, 0, 0, 0, 0, 0, 0, 0, 0, 0, 0, 0, 0, 0, 0, 0, 0, 0, 0, 0, 0, 0, 0, 0, 0, 0, 0, 0, 0, 0, 0, 0, 0, 0, 0, 0, 0, 0, 0, 0, 0, 0, 0, 0, 0, 0, 0, 0, 0, 0, 0, 0, 0, 0, 0, 0, 0, 0, 0, 0, 0, 0, 0, 0, 0, 0, 0, 0, 0, 0, 0, 0, 0, 0, 0, 0, 0, 0, 0, 0, 0, 0, 0, 0, 0, 0, 0, 0, 0, 0, 0, 0, 0, 0, 0, 0, 0, 0, 0, 0, 0, 0, 0, 0, 0, 0, 0, 0, 0, 0, 0, 0, 0, 0, 0, 0, 0, 0, 0, 0, 0, 0, 0, 0, 0, 0, 0, 0, 0, 0, 0, 0, 0, 0, 0, 0, 0, 0, 0, 0, 0, 0, 0, 0, 0, 0, 0, 0, 0, 0, 0, 0, 0, 0, 0, 0, 0, 0, 0, 0, 0, 0, 0, 0, 0, 0, 0, 0, 0, 0, 0, 0, 0, 0, 0, 0, 0, 0, 0, 0, 0, 0, 0, 0, 0, 0, 0, 0, 0, 0, 0, 0, 0, 0, 0, 0, 0, 0, 0, 0, 0, 0, 0, 0, 0, 0, 0, 0, 0, 0, 0, 0, 0, 0, 0, 0, 0, 0, 0, 0, 0, 0, 0, 0, 0, 0, 0, 0, 0, 0, 0, 0, 0, 0, 0, 0, 0, 0, 0, 0, 0, 0, 0, 0, 0, 0, 0, 0, 0, 0, 0, 0, 0, 0, 0, 0, 0, 0, 0, 0, 0, 0, 0, 0, 0, 0, 0, 0, 0, 0, 0, 0, 0, 0, 0, 0, 0, 0, 0, 0, 0, 0, 0, 0, 0, 0, 0, 0, 0, 0, 0, 0, 0, 0, 0, 0, 0, 0, 0, 0, 0, 0, 0, 0, 0, 0, 0, 0, 0, 0, 0, 0, 0, 0, 0, 0, 0, 0, 0, 0, 0, 0, 0, 0, 0, 0, 0, 0, 0, 0, 0, 0, 0, 0, 0, 0, 0, 0, 0, 0, 0, 0, 0, 0, 0, 0, 0, 0, 0, 0, 0, 0, 0, 0, 0, 0, 0, 0, 0, 0, 0, 0, 0, 0, 0, 0, 0, 0, 0, 0, 0, 0, 0, 0, 0, 0, 0, 0, 0, 0, 0, 0, 0, 0, 0, 0, 0, 0, 0, 0, 0, 0, 0, 0, 0, 0, 0, 0, 0, 0, 0, 0, 0, 0, 0, 0, 0, 0, 0, 0, 0, 0, 0, 0, 0, 0, 0, 0, 0, 0, 0, 0, 0, 0, 0, 0, 0, 0, 0, 0, 0, 0, 0, 0, 0, 0, 0, 0, 0, 0, 0, 0, 0, 0, 0, 0, 0, 0, 0, 0, 0, 0, 0, 0, 0, 0, 0, 0, 0, 0, 0, 0, 0, 0, 0, 0, 0, 0, 0, 0, 0, 0, 0, 0, 0, 0, 0, 0, 0, 0, 0, 0, 0, 0, 0, 0, 0, 0, 0, 0, 0, 0, 0, 0, 0, 0, 0, 0, 0, 0, 0, 0, 0, 0, 0, 0, 0, 0, 0, 0, 0, 0, 0, 0, 0, 0, 0, 0, 0, 0, 0, 0, 0, 0, 0, 0, 0, 0, 0, 0, 0, 0, 0, 0, 0, 0, 0, 0, 0, 0, 0, 0, 0, 0, 0, 0, 0, 0, 0, 0, 0, 0, 0, 0, 0, 0, 0, 0, 0, 0, 0, 0, 0, 0, 0, 0, 0, 0, 0, 0, 0, 0, 0, 0, 0, 0, 0, 0, 0, 0, 0, 0, 0, 0, 0, 0, 0, 0, 0, 0, 0, 0, 0, 0, 0, 0, 0, 0, 0, 0, 0, 0, 0, 0, 0, 0, 0, 0, 0, 0, 0, 0, 0, 0, 0, 0, 0, 0, 0, 0, 0, 0, 0, 0, 0, 0, 0, 0, 0, 0, 0, 0, 0, 0, 0, 0, 0, 0, 0, 0, 0, 0, 0, 0, 0, 0, 0, 0, 0, 0, 0, 0, 0, 0, 0, 0, 0, 0, 0, 0, 0, 0, 0, 0, 0, 0, 0, 0, 0, 0, 0, 0, 0, 0, 0, 0, 0, 0, 0, 0, 0, 0, 0, 0, 0, 0, 0, 0, 0, 0, 0, 0, 0, 0, 0, 0, 0, 0, 0, 0, 0, 0, 0, 0, 0, 0, 0, 0, 0, 0, 0, 0, 0, 0, 0, 0, 0, 0, 0, 0, 0, 0, 0, 0, 0, 0, 0, 0, 0, 0, 0, 0, 0, 0, 0, 0, 0, 0, 0, 0, 0, 0, 0, 0, 0, 0, 0, 0, 0, 0, 0, 0, 0, 0, 0, 0, 0, 0, 0, 0, 0, 0, 0, 0, 0, 0, 0, 0, 0, 0, 0, 0, 0, 0, 0, 0, 0, 0, 0, 0, 0, 0, 0, 0, 0, 0, 0, 0, 0, 0, 0, 0, 0, 0, 0, 0, 0, 0, 0, 0, 0, 0, 0, 0, 0, 0, 0, 0, 0, 0, 0, 0, 0, 0, 0, 0, 0, 0, 0, 0, 0, 0, 0, 0, 0, 0, 0, 0, 0, 0, 0, 0, 0, 0, 0, 0, 0, 0, 0, 0, 0, 0, 0, 0, 0, 0, 0, 0, 0, 0, 0, 0, 0, 0, 0, 0, 0, 0, 0, 0, 0, 0, 0, 0, 0, 0, 0, 0, 0, 0, 0, 0, 0, 0, 0, 0, 0, 0, 0, 0, 0, 0, 0, 0, 0, 0, 0, 0, 0, 0, 0, 0, 0, 0, 0, 0, 0, 0, 0, 0, 0, 0, 0, 0, 0, 0, 0, 0, 0, 0, 0, 0, 0, 0, 0, 0, 0, 0, 0, 0, 0, 0, 0, 0, 0, 0, 0, 0, 0, 0, 0, 0, 0, 0, 0, 0, 0, 0, 0, 0, 0, 0, 0, 0, 0, 0, 0, 0, 0, 0, 0, 0, 0, 0, 0, 0, 0, 0, 0, 0, 0, 0, 0, 0, 0, 0, 0, 0, 0, 0, 0, 0, 0, 0, 0, 0, 0, 0, 0, 0, 0, 0, 0, 0, 0, 0, 0, 0, 0, 0, 0, 0, 0, 0, 0, 0, 0, 0, 0, 0, 0, 0, 0, 0, 0, 0, 0, 0, 0, 0, 0, 0, 0, 0, 0, 0, 0, 0, 0, 0, 0, 0, 0, 0, 0, 0, 0, 0, 0, 0, 0, 0, 0, 0, 0, 0, 0, 0, 0, 0, 0, 0, 0, 0, 0, 0, 0, 0, 0, 0, 0, 0, 0, 0, 0, 0, 0, 0, 0, 0, 0, 0, 0, 0, 0, 0, 0, 0, 0, 0, 0, 0, 0, 0, 0, 0, 0, 0, 0, 0, 0, 0, 0, 0, 0, 0, 0, 0, 0, 0, 0, 0, 0, 0, 0, 0, 0, 0, 0, 0, 0, 0, 0, 0, 0, 0, 0, 0, 0, 0, 0, 0, 0, 0, 0, 0, 0, 0, 0, 0, 0, 0, 0, 0, 0, 0, 0, 0, 0, 0, 0, 0, 0, 0, 0, 0, 0, 0, 0, 0, 0, 0, 0, 0, 0, 0, 0, 0, 0, 0, 0, 0, 0, 0, 0, 0, 0, 0, 0, 0, 0, 0, 0, 0, 0, 0, 0, 0, 0, 0, 0, 0, 0, 0, 0, 0, 0, 0, 0, 0, 0, 0, 0, 0, 0, 0, 0, 0, 0, 0, 0, 0, 0, 0, 0, 0, 0, 0, 0, 0, 0, 0, 0, 0, 0, 0, 0, 0, 0, 0, 0, 0, 0, 0, 0, 0, 0, 0, 0, 0, 0, 0, 0, 0, 0, 0, 0, 0, 0, 0, 0, 0, 0, 0, 0, 0, 0, 0, 0, 0, 0, 0, 0, 0, 0, 0, 0, 0, 0, 0, 0, 0, 0, 0, 0, 0, 0, 0, 0, 0, 0, 0, 0, 0, 0, 0, 0, 0, 0, 0, 0, 0, 0, 0, 0, 0, 0, 0, 0, 0, 0, 0, 0, 0, 0, 0, 0, 0, 0, 0, 0, 0, 0, 0, 0, 0, 0, 0, 0, 0, 0, 0, 0, 0, 0, 0, 0, 0, 0, 0, 0, 0, 0, 0, 0, 0, 0, 0, 0, 1, 0, 0, 0, 0, 0, 0, 0, 0, 0, 0, 0, 0, 0, 0, 0, 0, 0, 0, 0, 0, 0, 0, 0, 0, 0, 0, 0, 0, 0, 0, 0, 0, 0, 0, 0, 0, 0, 0, 0, 0, 0, 0, 0, 0, 0, 0, 0, 0, 0, 0, 0, 0, 0, 0, 0, 0, 0, 0, 0, 0, 0, 0, 0, 0, 0, 0, 0, 0, 0, 0, 0, 0, 0, 0, 0, 0, 0, 0, 0, 0, 0, 0, 0, 0, 0, 0, 0, 0, 0, 0, 0, 0, 0, 0, 0, 0, 0, 0, 0, 0, 0, 0, 0, 0, 0, 0, 0, 0, 0, 0, 0, 0, 0, 0, 0, 0, 0, 0, 0, 0, 0, 0, 0, 0, 0, 0, 0, 0, 0, 0, 0, 0, 0, 0, 0, 0, 0, 0, 0, 0, 0, 0, 0, 0, 0, 0, 0, 0, 0, 0, 0, 0, 0, 0, 0, 0, 0, 0, 0, 0, 0, 0, 0, 0, 0, 0, 0, 0, 0, 0, 0, 0, 0, 0, 0, 0, 0, 0, 0, 0, 0, 0, 0, 0, 0, 0, 0, 0, 0, 0, 0, 0, 0, 0, 0, 0, 0, 0, 0, 0, 0, 0, 0, 0, 0, 0, 0, 0, 0, 0, 0, 0, 0, 0, 0, 0, 0, 0, 0, 0, 0, 0, 0, 0, 0, 0, 0, 0, 0, 0, 0, 0, 0, 0, 0, 0, 0, 0, 0, 0, 0, 0, 0, 0, 0, 0, 0, 0, 0, 0, 0, 0, 0, 0, 0, 0, 0, 0, 0, 0, 0, 0, 0, 0, 0, 0, 0, 0, 0, 0, 0, 0, 0, 0, 0, 0, 0, 0, 0, 0, 0, 0, 0, 0, 0, 0, 0, 0, 0, 0, 0, 0, 0, 0, 0, 0, 0, 0, 0, 0, 0, 0, 0, 0, 0, 0, 0, 0, 0, 0, 0, 0, 0, 0, 0, 0, 0, 0, 0, 0, 0, 0, 0, 0, 0, 0, 0, 0, 0, 0, 0, 0, 0, 0, 0, 0, 0, 0, 0, 0, 0, 0, 0, 0, 0, 0, 0, 0, 0, 0, 0, 0, 0, 0, 0, 0, 0, 0, 0, 0, 0, 0, 0, 0, 0, 0, 0, 0, 0, 0, 0, 0, 0, 0, 0, 0, 1, 0, 0, 0, 0, 0, 0, 0, 0, 0, 0, 0, 0, 0, 0, 0, 0, 0, 0, 0, 0, 0, 0, 0, 0, 0, 0, 0, 0, 0, 0, 0, 0, 0, 0, 0, 0, 0, 0, 0, 0, 0, 0, 0, 0, 0, 0, 0, 0, 0, 0, 0, 0, 0, 0, 0, 0, 0, 0, 0, 0, 0, 0, 0, 0, 0, 0, 0, 0, 0, 0, 0, 0, 0, 0, 0, 0, 0, 0, 0, 0, 0, 0, 0, 0, 0, 0, 0, 0, 0, 0, 0, 0, 0, 0, 0, 0, 0, 0, 0, 0, 0, 0, 0, 0, 0, 0, 0, 0, 0, 0, 0, 0, 0, 0, 0, 0, 0, 0, 0, 0, 0, 0, 0, 0, 0, 0, 0, 0, 0, 0, 0, 0, 0, 0, 0, 0, 0, 0, 0, 0, 0, 0, 0, 0, 0, 0, 0, 0, 0, 0, 0, 0, 0, 0, 0, 0, 0, 0, 0, 0, 0, 0, 0, 0, 0, 0, 0, 0, 0, 0, 0, 0, 0, 0, 0, 0, 0, 0, 0, 0, 0, 0, 0, 0, 0, 0, 0, 0, 0, 0, 0, 0, 0, 0, 0, 0, 0, 0, 0, 0, 0, 0, 0, 0, 0, 0, 0, 0, 0, 0, 0, 0, 0, 0, 0, 0, 0, 0, 0, 0, 0, 0, 0, 0, 0, 0, 0, 0, 0, 0, 0, 0, 0, 0, 0, 0, 0, 0, 0, 0, 0, 0, 0, 0, 0, 0, 0, 0, 0, 0, 0, 0, 0, 0, 0, 0, 0, 0, 0, 0, 0, 0, 0, 0, 0, 0, 0, 0, 0, 0, 0, 0, 0, 0, 0, 0, 0, 0, 0, 0, 0, 0, 0, 0, 0, 0, 0, 0, 0, 0, 0, 0, 0, 0, 0, 0, 0, 0, 0, 0, 0, 0, 0, 0, 0, 0, 0, 0, 0, 0, 0, 0, 0, 0, 0, 0, 0, 0, 0, 0, 0, 0, 0, 0, 0, 0, 0, 0, 0, 0, 0, 0, 0, 0, 0, 0, 0, 0, 0, 0, 0, 0, 0, 0, 0, 0, 0, 0, 0, 0, 0, 0, 0, 0, 0, 0, 0, 0, 0, 0, 0, 0, 0, 0, 0, 0, 0, 0, 0, 0, 0, 0, 0, 0, 0, 0, 0, 0, 0, 0, 0, 0, 0, 0, 0, 0, 0, 0, 0, 0, 0, 0, 0, 0, 0, 0, 0, 0, 0, 0, 0, 0, 0, 0, 0, 0, 0, 0, 0, 0, 0, 0, 0, 0, 0, 0, 0, 0, 0, 0, 0, 0, 0, 0, 0, 0, 0, 0, 0, 0, 0, 0, 0, 0, 0, 0, 0, 0, 0, 0, 0, 0, 0, 0, 0, 0, 0, 0, 0, 0, 0, 0, 0, 0, 0, 0, 0, 0, 0, 0, 0, 0, 0, 0, 0, 0, 0, 0, 0, 0, 0, 0, 0, 0, 0, 0, 0, 0, 0, 0, 0, 0, 0, 0, 0, 0, 0, 0, 0, 0, 0, 0, 0, 0, 0, 0, 0, 0, 0, 0, 0, 0, 0, 0, 0, 0, 0, 0, 0, 0, 0, 0, 0, 0, 0, 0, 0, 0, 0, 0, 0, 0, 0, 0, 0, 0, 0, 0, 0, 0, 0, 0, 0, 0, 0, 0, 0, 0, 0, 0, 0, 0, 0, 0, 0, 0, 0, 0, 0, 0, 0, 0, 0, 0, 0, 0, 0, 0, 0, 0, 0, 0, 0, 0, 0, 0, 0, 0, 0, 0, 0, 0, 0, 0, 0, 0, 0, 0, 0, 0, 0, 0, 0, 0, 0, 0, 0, 0, 0, 0, 0, 0, 0, 0, 0, 0, 0, 0, 0, 0, 0, 0, 0, 0, 0, 0, 0, 0, 0, 0, 0, 0, 0, 0, 0, 0, 0, 0, 0, 0, 0, 0, 0, 0, 0, 0, 0, 0, 0, 0, 0, 0, 0, 0, 0, 0, 0, 0, 0, 0, 0, 0, 0, 0, 0, 0, 0, 0, 0, 0, 0, 0, 0, 0, 0, 0, 0, 0, 0, 0, 0, 0, 0, 0, 0, 0, 0, 0, 0, 0, 0, 0, 0, 0, 0, 0, 0, 0, 0, 0, 0, 0, 0, 0, 0, 0, 0, 0, 0, 0, 0, 0, 0, 0, 0, 0, 0, 0, 0, 0, 0, 0, 0, 0, 0, 0, 0, 0, 0, 0, 0, 0, 0, 0, 0, 0, 0, 0, 0, 0, 0, 0, 0, 0, 0, 0, 0, 0, 0, 0, 0, 0, 0, 0, 0, 0, 0, 0, 0, 0, 0, 0, 0, 0, 0, 0, 0, 0, 0, 0, 0, 0, 0, 0, 0, 0, 0, 0, 0, 0, 0, 0, 0, 0, 0, 0, 0, 0, 0, 0, 0, 0, 0, 0, 0, 0, 0, 0, 0, 0, 0, 0, 0, 0, 0, 0, 0, 0, 0, 0, 0, 0, 0, 0, 0, 0, 0, 0, 0, 0, 0, 0, 0, 0, 0, 0, 0, 0, 0, 0, 0, 0, 0, 0, 0, 0, 0, 0, 0, 0, 0, 0, 0, 0, 0, 0, 0, 0, 0, 0, 0, 0, 0, 0, 0, 0, 0, 0, 0, 0, 0, 0, 0, 0, 0, 0, 0, 0, 0, 0, 0, 0, 0, 0, 0, 0, 0, 0, 0, 0, 0, 0, 0, 0, 0, 0, 0, 0, 0, 0, 0, 0, 0, 0, 0, 0, 0, 0, 0, 0, 0, 0, 0, 0, 0, 0, 0, 0, 0, 0, 0, 0, 0, 0, 0, 0, 0, 0, 0, 0, 0, 0, 0, 0, 0, 0, 0, 0, 0, 0, 0, 0, 0, 0, 0, 0, 0, 0, 0, 0, 0, 0, 0, 0, 0, 0, 0, 0, 0, 0, 0, 0, 0, 0, 0, 0, 0, 0, 0, 0, 0, 0, 0, 0, 0, 0, 0, 0, 0, 0, 0, 0, 0, 0, 0, 0, 0, 0, 0, 0, 0, 0, 0, 0, 0, 0, 0, 0, 0, 0, 0, 0, 0, 0, 0, 0, 0, 0, 0, 0, 0, 0, 0, 0, 0, 0, 0, 0, 0, 0, 0, 0, 0, 0, 0, 0, 0, 0, 0, 0, 0, 0, 0, 0, 0, 0, 0, 0, 0, 0, 0, 0, 0, 0, 0, 0, 0, 0, 0, 0, 0, 0, 0, 0, 0, 0, 0, 0, 0, 0, 0, 0, 0, 0, 0, 0, 0, 0, 0, 0, 0, 0, 0, 0, 0, 0, 0, 0, 0, 0, 0, 0, 0, 0, 0, 0, 0, 0, 0, 0, 0, 0, 0, 0, 0, 0, 0, 0, 0, 0, 0, 0, 0, 0, 0, 0, 0, 0, 0, 0, 0, 0, 0, 0, 0, 0, 0, 0, 0, 0, 0, 0, 0, 0, 0, 0, 0, 0, 0, 0, 0, 0, 0, 0, 0, 0, 0, 0, 0, 0, 0, 0, 0, 0, 0, 0, 0, 0, 0, 0, 0, 0, 0, 0, 0, 0, 0, 0, 0, 0, 0, 0, 0, 0, 0, 0, 0, 0, 0, 0, 0, 0, 0, 0, 0, 0, 0, 0, 0, 0, 0, 0, 0, 0, 0, 0, 0, 0, 0, 0, 0, 0, 0, 0, 0, 0, 0, 0, 0, 0, 0, 0, 0, 0, 0, 0, 0, 0, 0, 0, 0, 0, 0, 0, 0, 0, 0, 0, 0, 0, 0, 0, 0, 0, 0, 0, 0, 0, 0, 0, 0, 0, 0, 0, 0, 0, 0, 0, 0, 0, 0, 0, 0, 0, 0, 0, 0, 0, 0, 0, 0, 0, 0, 0, 0, 0, 0, 0, 0, 0, 0, 0, 0, 0, 0, 0, 0, 0, 0, 0, 0, 0, 0, 0, 0, 0, 0, 0, 0, 0, 0, 0, 0, 0, 0, 0, 0, 0, 0, 0, 0, 0, 0, 0, 0, 0, 0, 0, 0, 0, 0, 0, 0, 0, 0, 0, 0, 0, 0, 0, 0, 0, 0, 0, 0, 0, 0, 0, 0, 0, 0, 0, 0, 0, 0, 0, 0, 0, 0, 0, 0, 0, 0, 0, 0, 0, 0, 0, 0, 0, 0, 0, 0, 0, 0, 0, 0, 0, 0, 0, 0, 0, 0, 0, 0, 0, 0, 0, 0, 0, 0, 0, 0, 0, 0, 0, 0, 0, 0, 0, 0, 0, 0, 0, 0, 0, 0, 0, 0, 0, 0, 0, 0, 0, 0, 0, 0, 0, 0, 0, 0, 0, 0, 0, 0, 0, 0, 0, 0, 0, 0, 0, 0, 0, 0, 0, 0, 0, 0, 0, 0, 0, 0, 0, 0, 0, 0, 0, 0, 0, 0, 0, 0, 0, 0, 0, 0, 0, 0, 0, 0, 0, 0, 0, 0, 0, 0, 0, 0, 0, 0, 0, 0, 0, 0, 0, 0, 0, 0, 0, 0, 0, 0, 0, 0, 0, 0, 0, 0, 0, 0, 0, 0, 0, 0, 0, 0, 0, 0, 0, 0, 0, 0, 0, 0, 0, 0, 0, 0, 0, 0, 0, 0, 0, 0, 0, 0, 0, 0, 0, 0, 0, 0, 0, 0, 0, 0, 0, 0, 0, 0, 0, 0, 0, 0, 0, 0, 0, 0, 0, 0, 0, 0, 0, 0, 0, 0, 0, 0, 0, 0, 0, 0, 0, 0, 0, 0, 0, 0, 0, 0, 0, 0, 0, 0, 0, 0, 0, 0, 0, 0, 0, 0, 0, 0, 0, 0, 0, 0, 0, 0, 0, 0, 0, 0, 0, 0, 0, 0, 0, 0, 0, 0, 0, 0, 0, 0, 0, 0, 0, 0, 0, 0, 0, 0, 0, 0, 0, 0, 0, 0, 0, 0, 0, 0, 0, 0, 0, 0, 0, 0, 0, 0, 0, 0, 0, 0, 0, 0, 0, 0, 0, 0, 0, 0, 0, 0, 0, 0, 0, 0, 0, 0, 0, 0, 0, 0, 0, 0, 0, 0, 0, 0, 0, 0, 0, 0, 0, 0, 0, 0, 0, 0, 0, 0, 0, 0, 0, 0, 0, 0, 0, 0, 0, 0, 0, 0, 0, 0, 0, 0, 0, 0, 0, 0, 0, 0, 0, 0, 0, 0, 0, 0, 0, 0, 0, 0, 0, 0, 0, 0, 0, 0, 0, 0, 0, 0, 0, 0, 0, 0, 0, 0, 0, 0, 0, 0, 0, 0, 0, 0, 0, 0, 0, 0, 0, 0, 0, 0, 0, 0, 0, 0, 0, 0, 0, 0, 0, 0, 0, 0, 0, 0, 0, 0, 0, 0, 0, 0, 0, 0, 0, 0, 0, 0, 0, 0, 0, 0, 0, 0, 0, 0, 0, 0, 0, 0, 0, 0, 0, 0, 0, 0, 0, 0, 0, 0, 0, 0, 0, 0, 0, 0, 0, 0, 0, 0, 0, 0, 0, 0, 0, 0, 0, 0, 0, 0, 0, 0, 0, 0, 0, 0, 0, 0, 0, 0, 0, 0, 0, 0, 0, 0, 0, 0, 0, 0, 0, 0, 0, 0, 0, 0, 0, 0, 0, 0, 0, 0, 0, 0, 0, 0, 0, 0, 0, 0, 0, 0, 0, 0, 0, 0, 0, 0, 0, 0, 0, 0, 0, 0, 0, 0, 0, 0, 0, 0, 0, 0, 0, 0, 0, 0, 0, 0, 0, 0, 0, 0, 0, 0, 0, 0, 0, 0, 0, 0, 0, 0, 0, 0, 0, 0, 0, 0, 0, 0, 0, 0, 0, 0, 0, 0, 0, 0, 0, 0, 0, 0, 0, 0, 0, 0, 0, 0, 0, 0, 0, 0, 0, 0, 0, 0, 0, 0, 0, 0, 0, 0, 0, 0, 0, 0, 0, 0, 0, 0, 0, 0, 0, 0, 0, 0, 0, 0, 0, 0, 0, 0, 0, 0, 0, 0, 0, 0, 0, 0, 0, 0, 0, 0, 0, 0, 0, 0, 0, 0, 0, 0, 0, 0, 0, 0, 0, 0, 0, 0, 0, 0, 0, 0, 0, 0, 0, 0, 0, 0, 0, 0, 0, 0, 0, 0, 0, 0, 0, 0, 0, 0, 0, 0, 0, 0, 0, 0, 0, 0, 0, 0, 0, 0, 0, 0, 0, 0, 0, 0, 0, 0, 0, 0, 0, 0, 0, 0, 0, 0, 0, 0, 0, 0, 0, 0, 0, 0, 0, 0, 0, 0, 0, 0, 0, 0, 0, 0, 0, 0, 0, 0, 0, 0, 0, 0, 0, 0, 0, 0, 0, 0, 0, 0, 0, 0, 0, 0, 0, 0, 0, 0, 0, 0, 0, 0, 0, 0, 0, 0, 0, 0, 0, 0, 0, 0, 0, 0, 0, 0, 0, 0, 0, 0, 0, 0, 0, 0, 0, 0, 0, 0, 0, 0, 0, 0, 0, 0, 0, 0, 0, 0, 0, 0, 0, 0, 0, 0, 0, 0, 0, 0, 0, 0, 0, 0, 0, 0, 0, 0, 0, 0, 0, 0, 0, 0, 0, 0, 0, 0, 0, 0, 0, 0, 0, 0, 0, 0, 0, 0, 0, 0, 0, 0, 0, 0, 0, 0, 0, 0, 0, 0, 0, 0, 0, 0, 0, 0, 0, 0, 0, 0, 0, 0, 0, 0, 0, 0, 0, 0, 0, 0, 0, 0, 0, 0, 0, 0, 0, 0, 0, 0, 0, 0, 0, 0, 0, 0, 0, 0, 0, 0, 0, 0, 0, 0, 0, 0, 0, 0, 0, 0, 0, 0, 0, 0, 0, 0, 0, 0, 0, 0, 0, 0, 0, 0, 0, 0, 0, 0, 0, 0, 0, 0, 0, 0, 0, 0, 0, 0, 0, 0, 0, 0, 0, 0, 0, 0, 0, 0, 0, 0, 0, 0, 0, 0, 0, 0, 0, 0, 0, 0, 0, 0, 0, 0, 0, 0, 0, 0, 0, 0, 0, 0, 0, 0, 0, 0, 0, 0, 0, 0, 0, 0, 0, 0, 0, 0, 0, 0, 0, 0, 0, 0, 0, 0, 0, 0, 0, 0, 0, 0, 0, 0, 0, 0, 0, 0, 0, 0, 0, 0, 0, 0, 0, 0, 0, 0, 0, 0, 0, 0, 0, 0, 0, 0, 0, 0, 0, 0, 0, 0, 0, 0, 0, 0, 0, 0, 0, 0, 0, 0, 0, 0, 0, 0, 0, 0, 0, 0, 0, 0, 0, 0, 0, 0, 0, 0, 0, 0, 0, 0, 0, 0, 0, 0, 0, 0, 0, 0, 0, 0, 0, 0, 0, 0, 0, 0, 0, 0, 0, 0, 0, 0, 0, 0, 0, 0, 0, 0, 0, 0, 0, 0, 0, 0, 0, 0, 0, 0, 0, 0, 0, 0, 0, 0, 0, 0, 0, 0, 0, 0, 0, 0, 0, 0, 0, 0, 0, 0, 0, 0, 0, 0, 0, 0, 0, 0, 0, 0, 0, 0, 0, 0, 0, 0, 0, 0, 0, 0, 0, 0, 0, 0, 0, 0, 0, 0, 0, 0, 0, 0, 0, 0, 0, 0, 0, 0, 0, 0, 0, 0, 0, 0, 0, 0, 0, 0, 0, 0, 0, 0, 0, 0, 0, 0, 0, 0, 0, 0, 0, 0, 0, 0, 0, 0, 0, 0, 0, 0, 0, 0, 0, 0, 0, 0, 0, 0, 0, 0, 0, 0, 0, 0, 0, 0, 0, 0, 0, 0, 0, 0, 0, 0, 0, 0, 0, 0, 0, 0, 0, 0, 0, 0, 0, 0, 0, 0, 0, 0, 0, 0, 0, 0, 0, 0, 0, 0, 0, 0, 0, 0, 0, 0, 0, 0, 0, 0, 0, 0, 0, 0, 0, 0, 0, 0, 0, 0, 0, 0, 0, 0, 0, 0, 0, 0, 0, 0, 0, 0, 0, 0, 0, 0, 0, 0, 0, 0, 0, 0, 0, 0, 0, 0, 0, 0, 0, 0, 0, 0, 0, 0, 0, 0, 0, 0, 0, 0, 0, 0, 0, 0, 0, 0, 0, 0, 0, 0, 0, 0, 0, 0, 0, 0, 0, 0, 0, 0, 0, 0, 0, 0, 0, 0, 0, 0, 0, 0, 0, 0, 0, 0, 0, 0, 0, 0, 0, 0, 0, 0, 0, 0, 0, 0, 0, 0, 0, 0, 0, 0, 0, 0, 0, 0, 0, 0, 0, 0, 0, 0, 0, 0, 0, 0, 0, 0, 0, 0, 0, 0, 0, 0, 0, 0, 0, 0, 0, 0, 0, 0, 0, 0, 0, 0, 0, 0, 0, 0, 0, 0, 0, 0, 0, 0, 0, 0, 0, 0, 0, 0, 0, 0, 0, 0, 0, 0, 0, 0, 0, 0, 0, 0, 0, 0, 0, 0, 0, 0, 0, 0, 0, 0, 0, 0, 0, 0, 0, 0, 0, 0, 0, 0, 0, 0, 0, 0, 0, 0, 0, 0, 0, 0, 0, 0, 0, 0, 0, 0, 0, 0, 0, 0, 0, 0, 0, 0, 0, 0, 0, 0, 0, 0, 0, 0, 0, 0, 0, 0, 0, 0, 0, 0, 0, 0, 0, 0, 0, 0, 0, 0, 0, 0, 0, 0, 0, 0, 0, 0, 0, 0, 0, 0, 0, 0, 0, 0, 0, 0, 0, 0, 0, 0, 0, 0, 0, 0, 0, 0, 0, 0, 0, 0, 0, 0, 0, 0, 0, 0, 0, 0, 0, 0, 0, 0, 0, 0, 0, 0, 0, 0, 0, 0, 0, 0, 0, 0, 0, 0, 0, 0, 0, 0, 0, 0, 0, 0, 0, 0, 0, 0, 0, 0, 0, 0, 0, 0, 0, 0, 0, 0, 0, 0, 0, 0, 0, 0, 0, 0, 0, 0, 0, 0, 0, 0, 0, 0, 0, 0, 0, 0, 0, 0, 0, 0, 0, 0, 0, 0, 0, 0, 0, 0, 0, 0, 0, 0, 0, 0, 0, 0, 0, 0, 0, 0, 0, 0, 0, 0, 0, 0, 0, 0, 0, 0, 0, 0, 0, 0, 0, 0, 0, 0, 0, 0, 0, 0, 0, 0, 0, 0, 0, 0, 0, 0, 0, 0, 0, 0, 0, 0, 0, 0, 0, 0, 0, 0, 0, 0, 0, 0, 0, 0, 0, 0, 0, 0, 0, 0, 0, 0, 0, 0, 0, 0, 0, 0, 0, 0, 0, 0, 0, 0, 0, 0, 0, 0, 0, 0, 0, 0, 0, 0, 0, 0, 0, 0, 0, 0, 0, 0, 0, 0, 0, 0, 0, 0, 0, 0, 0, 0, 0, 0, 0, 0, 0, 0, 0, 0, 0, 0, 0, 0, 0, 0, 0, 0, 0, 0, 0, 0, 0, 0, 0, 0, 0, 0, 0, 0, 0, 0, 0, 0, 0, 0, 0, 0, 0, 0, 0, 0, 0, 0, 0, 0, 0, 0, 0, 0, 0, 0, 0, 0, 0, 0, 0, 0, 0, 0, 0, 0, 0, 0, 0, 0, 0, 0, 0, 0, 0, 0, 0, 0, 0, 0, 0, 0, 0, 0, 0, 0, 0, 0, 0, 0, 0, 0, 0, 0, 0, 0, 0, 0, 0, 0, 0, 0, 0, 0, 0, 0, 0, 0, 0, 0, 0, 0, 0, 0, 0, 0, 0, 0, 0, 0, 0, 0, 0, 0, 0, 0, 0, 0, 0, 0, 0, 0, 0, 0, 0, 0, 0, 0, 0, 0, 0, 0, 0, 0, 0, 0, 0, 0, 0, 0, 0, 0, 0, 0, 0, 0, 0, 0, 0, 0, 0, 0, 0, 0, 0, 0, 0, 0, 0, 0, 0, 0, 0, 0, 0, 0, 0, 0, 0, 0, 0, 0, 0, 0, 0, 0, 0, 0, 0, 0, 0, 0, 0, 0, 0, 0, 0, 0, 0, 0, 0, 0, 0, 0, 0, 0, 0, 0, 0, 0, 0, 0, 0, 0, 0, 0, 0, 0, 0, 0, 0, 0, 0, 0, 0, 0, 0, 0, 0, 0, 0, 0, 0, 0, 0, 0, 0, 0, 0, 0, 0, 0, 0, 0, 0, 0, 0, 0, 0, 0, 0, 0, 0, 0, 0, 0, 0, 0, 0, 0, 0, 0, 0, 0, 0, 0, 0, 0, 0, 0, 0, 0, 0, 0, 0, 0, 0, 0, 0, 0, 0, 0, 0, 0, 0, 0, 0, 0, 0, 0, 0, 0, 0, 0, 0, 0, 0, 0, 0, 0, 0, 0, 0, 0, 0, 0, 0, 0, 0, 0, 0, 0, 0, 0, 0, 0, 0, 0, 0, 0, 0, 0, 0, 0, 0, 0, 0, 0, 0, 0, 0, 0, 0, 0, 0, 0, 0, 0, 0, 0, 0, 0, 0, 0, 0, 0, 0, 0, 0, 0, 0, 0, 0, 0, 0, 0, 0, 0, 0, 0, 0, 0, 0, 0, 0, 0, 0, 0, 0, 0, 0, 0, 0, 0, 0, 0, 0, 0, 0, 0, 0, 0, 0, 0, 0, 0, 0, 0, 0, 0, 0, 0, 0, 0, 0, 0, 0, 0, 0, 0, 0, 0, 0, 0, 0, 0, 0, 0, 0, 0, 0, 0, 0, 0, 0, 0, 0, 0, 0, 0, 0, 0, 0, 0, 0, 0, 0, 0, 0, 0, 0, 0, 0, 0, 0, 0, 0, 0, 0, 0, 0, 0, 0, 0, 0, 0, 0, 0, 0, 0, 0, 0, 0, 0, 0, 0, 0, 0, 0, 0, 0, 0, 0, 0, 0, 0, 0, 0, 0, 0, 0, 0, 0, 0, 0, 0, 0, 0, 0, 0, 0, 0, 0, 0, 0, 0, 0, 0, 0, 0, 0, 0, 0, 0, 0, 0, 0, 0, 0, 0, 0, 0, 0, 0, 0, 0, 0, 0, 0, 0, 0, 0, 0, 0, 0, 0, 0, 0, 0, 0, 0, 0, 0, 0, 0, 0, 0, 0, 0, 0, 0, 0, 0, 0, 0, 0, 0, 0, 0, 0, 0, 0, 0, 0, 0, 0, 0, 0, 0, 0, 0, 0, 0, 0, 0, 0, 0, 0, 0, 0, 0, 0, 0, 0, 0, 0, 0, 0, 0, 0, 0, 0, 0, 0, 0, 0, 0, 0, 0, 0, 0, 0, 0, 0, 0, 0, 0, 0, 0, 0, 0, 0, 0, 0, 0, 0, 0, 0, 0, 0, 0, 0, 0, 0, 0, 0, 0, 0, 0, 0, 0, 0, 0, 0, 0, 0, 0, 0, 0, 0, 0, 0, 0, 0, 0, 0, 0, 0, 0, 0, 0, 0, 0, 0, 0, 0, 0, 0, 0, 0, 0, 0, 0, 0, 0, 0, 0, 0, 0, 0, 0, 0, 0, 0, 0, 0, 0, 0, 0, 0, 0, 0, 0, 0, 0, 0, 0, 0, 0, 0, 0, 0, 0, 0, 0, 0, 0, 0, 0, 0, 0, 0, 0, 0, 0, 0, 0, 0, 0, 0, 0, 0, 0, 0, 0, 0, 0, 0, 0, 0, 0, 0, 0, 0, 0, 0, 0, 0, 0, 0, 0, 0, 0, 0, 0, 0, 0, 0, 0, 0, 0, 0, 0, 0, 0, 0, 0, 0, 0, 0, 0, 0, 0, 0, 0, 0, 0, 0, 0, 0, 0, 0, 0, 0, 0, 0, 0, 0, 0, 0, 0, 0, 0, 0, 0, 0, 0, 0, 0, 0, 0, 0, 0, 0, 0, 0, 0, 0, 0, 0, 0, 0, 0, 0, 0, 0, 0, 0, 0, 0, 0, 0, 0, 0, 0, 0, 0, 0, 0, 0, 0, 0, 0, 0, 0, 0, 0, 0, 0, 0, 0, 0, 0, 0, 0, 0, 0, 0, 0, 0, 0, 0, 0, 0, 0, 0, 0, 0, 0, 0, 0, 0, 0, 0, 0, 0, 0, 0, 0, 0, 0, 0, 0, 0, 0, 0, 0, 0, 0, 0, 0, 0, 0, 0, 0, 0, 0, 0, 0, 0, 0, 0, 0, 0, 0, 0, 0, 0, 0, 0, 0, 0, 0, 0, 0, 0, 0, 0, 0, 0, 0, 0, 0, 0, 0, 0, 0, 0, 0, 0, 0, 0, 0, 0, 0, 0, 0, 0, 0, 0, 0, 0, 0, 0, 0, 0, 0, 0, 0, 0, 0, 0, 0, 0, 0, 0, 0, 0, 0, 0, 0, 0, 0, 0, 0, 0, 0, 0, 0, 0, 0, 0, 0, 0, 0, 0, 0, 0, 0, 0, 0, 0, 0, 0, 0, 0, 0, 0, 0, 0, 0, 0, 0, 0, 0, 0, 0, 0, 0, 0, 0, 0, 0, 0, 0, 0, 0, 0, 0, 0, 0, 0, 0, 0, 0, 0, 0, 0, 0, 0, 0, 0, 0, 0, 0, 0, 0, 0, 0, 0, 0, 0, 0, 0, 0, 0, 0, 0, 0, 0, 0, 0, 0, 0, 0, 0, 0, 0, 0, 0, 0, 0, 0, 0, 0, 0, 0, 0, 0, 0, 0, 0, 0, 0, 0, 0, 0, 0, 0, 0, 0, 0, 0, 0, 0, 0, 0, 0, 0, 0, 0, 0, 0, 0, 0, 0, 0, 0, 0, 0, 0, 0, 0, 0, 0, 0, 0, 0, 0, 0, 0, 0, 0, 0, 0, 0, 0, 0, 0, 0, 0, 0, 0, 0, 0, 0, 0, 0, 0, 0, 0, 0, 0, 0, 0, 0, 0, 0, 0, 0, 0, 0, 0, 0, 0, 0, 0, 0, 0, 0, 0, 0, 0, 0, 0, 0, 0, 0, 0, 0, 0, 0, 0, 0, 0, 0, 0, 0, 0, 0, 0, 0, 0, 0, 0, 0, 0, 0, 0, 0, 0, 0, 0, 0, 0, 0, 0, 0, 0, 0, 0, 0, 0, 0, 0, 0, 0, 0, 0, 0, 0, 0, 0, 0, 0, 0, 0, 0, 0, 0, 0, 0, 0, 0, 0, 0, 0, 0, 0, 0, 0, 0, 0, 0, 0, 0, 0, 0, 0, 0, 0, 0, 0, 0, 0, 0, 0, 0, 0, 0, 0, 0, 0, 0, 0, 0, 0, 0, 0, 0, 0, 0, 0, 0, 0, 0, 0, 0, 0, 0, 0, 0, 0, 0, 0, 0, 0, 0, 0, 0, 0, 0, 0, 0, 0, 0, 0, 0, 0, 0, 0, 0, 0, 0, 0, 0, 0, 0, 0, 0, 0, 0, 0, 0, 0, 0, 0, 0, 0, 0, 0, 0, 0, 0, 0, 0, 0, 0, 0, 0, 0, 0, 0, 0, 0, 0, 0, 0, 0, 0, 0, 0, 0, 0, 0, 0, 0, 0, 0, 0, 0, 0, 0, 0, 0, 0, 0, 0, 0, 0, 0, 0, 0, 0, 0, 0, 0, 0, 0, 0, 0, 0, 0, 0, 0, 0, 0, 0, 0, 0, 0, 0, 0, 0, 0, 0, 0, 0, 0, 0, 0, 0, 0, 0, 0, 0, 0, 0, 0, 0, 0, 0, 0, 0, 0, 0, 0, 0, 0, 0, 0, 0, 0, 0, 0, 0, 0, 0, 0, 0, 0, 0, 0, 0, 0, 0, 0, 0, 0, 0, 0, 0, 0, 0, 0, 0, 0, 0, 0, 0, 0, 0, 0, 0, 0, 0, 0, 0, 0, 0, 0, 0, 0, 0, 0, 0, 0, 0, 0, 0, 0, 0, 0, 0, 0, 0, 0, 0, 0, 0, 0, 0, 0, 0, 0, 0, 0, 0, 0, 0, 0, 0, 0, 0, 0, 0, 0, 0, 0, 0, 0, 0, 0, 0, 0, 0, 0, 0, 0, 0, 0, 0, 0, 0, 0, 0, 0, 0, 0, 0, 0, 0, 0, 0, 0, 0, 0, 0, 0, 0, 0, 0, 0, 0, 0, 0, 0, 0, 0, 0, 0, 0, 0, 0, 0, 0, 0, 0, 0, 0, 0, 0, 0, 0, 0, 0, 0, 0, 0, 0, 0, 0, 0, 0, 0, 0, 0, 0, 0, 0, 0, 0, 0, 0, 0, 0, 0, 0, 0, 0, 0, 0, 0, 0, 0, 0, 0, 0, 0, 0, 0, 0, 0, 0, 0, 0, 0, 0, 0, 0, 0, 0, 0, 0, 0, 0, 0, 0, 0, 0, 0, 0, 0, 0, 0, 0, 0, 0, 0, 0, 0, 0, 0, 0, 0, 0, 0, 0, 0, 0, 0, 0, 0, 0, 0, 0, 0, 0, 0, 0, 0, 0, 0, 0, 0, 0, 0, 0, 0, 0, 0, 0, 0, 0, 0, 0, 0, 0, 0, 0, 0, 0, 0, 0, 0, 0, 0, 0, 0, 0, 0, 0, 0, 0, 0, 0, 0, 0, 0, 0, 0, 0, 0, 0, 0, 0, 0, 0, 0, 0, 0, 0, 0, 0, 0, 0, 0, 0, 0, 0, 0, 0, 0, 0, 0, 0, 0, 0, 0, 0, 0, 0, 0, 0, 0, 0, 0, 0, 0, 0, 0, 0, 0, 0, 0, 0, 0, 0, 0, 0, 0, 0, 0, 0, 0, 0, 0, 0, 0, 0, 0, 0, 0, 0, 0, 0, 0, 0, 0, 0, 0, 0, 0, 0, 0, 0, 0, 0, 0, 0, 0, 0, 0, 0, 0, 0, 0, 0, 0, 0, 0, 0, 0, 0, 0, 0, 0, 0, 0, 0, 0, 0, 0, 0, 0, 0, 0, 0, 0, 0, 0, 0, 0, 0, 0, 0, 0, 0, 0, 0, 0, 0, 0, 0, 0, 0, 0, 0, 0, 0, 0, 0, 0, 0, 0, 0, 0, 0, 0, 0, 0, 0, 0, 0, 0, 0, 0, 0, 0, 0, 0, 0, 0, 0, 0, 0, 0, 0, 0, 0, 0, 0, 0, 0, 0, 0, 0, 0, 0, 0, 0, 0, 0, 0, 0, 0, 0, 0, 0, 0, 0, 0, 0, 0, 0, 0, 0, 0, 0, 0, 0, 0, 0, 0, 0, 0, 0, 0, 0, 0, 0, 0, 0, 0, 0, 0, 0, 0, 0, 0, 0, 0, 0, 0, 0, 0, 0, 0, 0, 0, 0, 0, 0, 0, 0, 0, 0, 0, 0, 0, 0, 0, 0, 0, 0, 1, 0, 0, 0, 0, 0, 0, 0, 0, 0, 0, 0, 0, 0, 0, 0, 0, 0, 0, 0, 0, 0, 0, 0, 0, 0, 0, 0, 0, 0, 0, 0, 0, 0, 0, 0, 0, 0, 0, 0, 0, 0, 0, 0, 0, 0, 0, 0, 0, 0, 0, 0, 0, 0, 0, 0, 0, 0, 0, 0, 0, 0, 0, 0, 0, 0, 0, 0, 0, 0, 0, 0, 0, 0, 0, 0, 0, 0, 0, 0, 0, 0, 0, 0, 0, 0, 0, 0, 0, 0, 0, 0, 0, 0, 0, 0, 0, 0, 0, 0, 0, 0, 0, 0, 0, 0, 0, 0, 0, 0, 0, 0, 0, 0, 0, 0, 0, 0, 0, 0, 0, 0, 0, 0, 0, 0, 0, 0, 0, 0, 0, 0, 0, 0, 0, 0, 0, 0, 0, 0, 0, 0, 0, 0, 0, 0, 0, 0, 0, 0, 0, 0, 0, 0, 0, 0, 0, 0, 0, 0, 0, 0, 0, 0, 0, 0, 0, 0, 0, 0, 0, 0, 0, 0, 0, 0, 0, 0, 0, 0, 0, 0, 0, 0, 0, 0, 0, 0, 0, 0, 0, 0, 0, 0, 0, 0, 0, 0, 0, 0, 0, 0, 0, 0, 0, 0, 0, 0, 0, 0, 0, 0, 0, 0, 0, 0, 0, 0, 0, 0, 0, 0, 0, 0, 0, 0, 0, 0, 0, 0, 0, 0, 0, 0, 0, 0, 0, 0, 0, 0, 0, 0, 0, 0, 0, 0, 0, 0, 0, 0, 0, 0, 0, 0, 0, 0, 0, 0, 0, 0, 0, 0, 0, 0, 0, 0, 0, 0, 0, 0, 0, 0, 0, 0, 0, 0, 0, 0, 0, 0, 0, 0, 0, 0, 0, 0, 0, 0, 0, 0, 0, 0, 0, 0, 0, 0, 0, 0, 0, 0, 0, 0, 0, 0, 0, 0, 0, 0, 0, 0, 0, 0, 0, 0, 0, 0, 0, 0, 0, 0, 0, 0, 0, 0, 0, 0, 0, 0, 0, 0, 0, 0, 0, 0, 0, 0, 0, 0, 0, 0, 0, 0, 0, 0, 0, 0, 0, 0, 0, 0, 0, 0, 0, 0, 0, 0, 0, 0, 0, 0, 0, 0, 0, 0, 0, 0, 0, 0, 0, 0, 0, 0, 0, 0, 0, 0, 0, 0, 0, 0, 0, 0, 0, 0, 0, 0, 0, 0, 0, 0, 0, 0, 0, 0, 0, 0, 0, 0, 0, 0, 0, 0, 0, 0, 0, 0, 0, 0, 0, 0, 0, 0, 0, 0, 0, 0, 0, 0, 0, 0, 0, 0, 0, 0, 0, 0, 0, 0, 0, 0, 0, 0, 0, 0, 0, 0, 0, 0, 0, 0, 0, 0, 0, 0, 0, 0, 0, 0, 0, 0, 0, 0, 0, 0, 0, 0, 0, 0, 0, 0, 0, 0, 0, 0, 0, 0, 0, 0, 0, 0, 0, 0, 0, 0, 0, 0, 0, 0, 0, 0, 0, 0, 0, 0, 0, 0, 0, 0, 0, 0, 0, 0, 0, 0, 0, 0, 0, 0, 0, 0, 0, 0, 0, 0, 0, 0, 0, 0, 0, 0, 0, 0, 0, 0, 0, 0, 0, 0, 0, 0, 0, 0, 0, 0, 0, 0, 0, 0, 0, 0, 0, 0, 0, 0, 0, 0, 0, 0, 0, 0, 0, 0, 0, 0, 0, 0, 0, 0, 0, 0, 0, 0, 0, 0, 0, 0, 0, 0, 0, 0, 0, 0, 0, 0, 0, 0, 0, 0, 0, 0, 0, 0, 0, 0, 0, 0, 0, 0, 0, 0, 0, 0, 0, 0, 0, 0, 0, 0, 0, 0, 0, 0, 0, 0, 0, 0, 0, 0, 0, 0, 0, 0, 0, 0, 0, 0, 0, 0, 0, 0, 0, 0, 0, 0, 0, 0, 0, 0, 0, 0, 0, 0, 0, 0, 0, 0, 0, 0, 0, 0, 0, 0, 0, 0, 0, 0, 0, 0, 0, 0, 0, 0, 0, 0, 0, 0, 0, 0, 0, 0, 0, 0, 0, 0, 0, 0, 0, 0, 0, 0, 0, 0, 0, 0, 0, 0, 0, 0, 0, 0, 0, 0, 0, 0, 0, 0, 0, 0, 0, 0, 0, 0, 0, 0, 0, 0, 1, 0, 0, 0, 0, 0, 0, 0, 0, 0, 0, 0, 0, 0, 0, 0, 0, 0, 0, 0, 0, 0, 0, 0, 0, 0, 0, 0, 0, 0, 0, 0, 0, 0, 0, 0, 0, 0, 0, 0, 0, 0, 1, 0, 0, 1, 0, 0, 5, 43, 23, 4, 0, 1, 3, 2, 5, 9, 26, 49, 77, 75, 44]"
多位购房者称房东临时涨价或反悔不卖_最终事件描述,该事件在80余小时内呈现明显的情绪演变与市场博弈。初期（1-6小时），购房者以嘲讽和质疑为主，认为房东涨价是短期炒作，强调经济低迷、供需逆转等不利因素，反讽性言论（如“老破小破亿”）频现。中期（7-66小时），舆论两极分化加剧：看涨派援引局部案例和资金流动预期，看跌派则聚焦失业率、人口下降等基本面矛盾，市场焦虑与戏谑情绪交织，中介角色和虚假信息成为焦点。后期（67-82小时），悲观预期占据主导，多数购房者强烈质疑涨价真实性，揭露“有价无市”和中介炒作，部分房东及投资者仍持观望态度，但交易僵局凸显买卖双方预期鸿沟。整体趋势显示，市场信心持续走低，从初期调侃转为后期消极抵抗，政策刺激效果遭普遍质疑，供需失衡与经济下行压力成为共识。,0,"[0, 0, 0, 0, 0, 1, 2, 1, 0, 1, 0, 0, 0, 0, 1, 0, 0, 1, 0, 0, 0, 0, 0, 0, 0, 0, 0, 0, 0, 0, 0, 0, 1, 0, 0, 0, 0, 0, 0, 0, 0, 0, 0, 0, 0, 0, 0, 0, 0, 0, 0, 0, 0, 0, 0, 0, 0, 0, 0, 0, 0, 0, 0, 0, 0, 0, 1, 8, 7, 4, 1, 3, 0, 0, 1, 0, 1, 0, 0, 2, 2, 2, 0]"
2岁男童吃奶酪棒卡喉身亡_最终事件描述,"2岁男童因食用奶酪棒卡喉身亡事件在652小时的舆论发酵中，呈现出从情绪爆发到理性反思的演变轨迹。事件初期（1-652小时），舆论核心聚焦于儿童饮食安全警示与海姆立克急救法的普及，同时伴随对监护人责任的激烈争论（指责与同情并存）及隔代育儿矛盾的衍生讨论。中期（653-655小时）争议升级，围绕奶酪棒产品安全性（3岁以上食用标识）、软质异物急救局限性展开技术性质疑，代际育儿观念冲突（如老人喂养习惯）成为次生议题。后期（656-657小时）逐渐转向系统性反思：既有对婴幼儿高风险食品（果冻、坚果类）的集体警惕，也出现对儿童食品营销规范的呼吁，同时法律层面开始探讨监护过失责任。整体呈现""安全科普-责任归因-制度反思""的三阶段特征，始终贯穿着家长群体的焦虑共情与预防性育儿意识的强化。",0,"[0, 0, 0, 0, 0, 0, 0, 0, 0, 0, 0, 0, 0, 0, 0, 1, 1, 0, 1, 0, 0, 0, 0, 0, 0, 0, 0, 0, 0, 0, 0, 0, 0, 0, 0, 0, 0, 0, 0, 0, 0, 0, 0, 0, 1, 0, 0, 0, 0, 0, 0, 0, 0, 0, 0, 0, 0, 0, 0, 0, 0, 0, 0, 0, 0, 0, 0, 0, 0, 0, 0, 0, 0, 0, 0, 0, 0, 0, 0, 0, 0, 0, 1, 0, 0, 0, 0, 0, 0, 0, 0, 0, 0, 0, 0, 0, 0, 0, 0, 0, 0, 0, 0, 0, 0, 0, 0, 0, 0, 0, 0, 0, 0, 0, 0, 0, 0, 0, 0, 0, 0, 0, 0, 0, 0, 0, 0, 0, 0, 0, 0, 0, 0, 0, 0, 0, 0, 0, 0, 0, 0, 0, 0, 0, 0, 0, 0, 0, 0, 0, 0, 0, 0, 0, 0, 0, 0, 0, 0, 0, 0, 0, 1, 0, 0, 0, 0, 0, 0, 0, 0, 0, 0, 0, 0, 0, 0, 0, 0, 0, 0, 0, 0, 0, 0, 0, 0, 0, 0, 0, 0, 0, 0, 0, 0, 0, 0, 0, 0, 0, 0, 0, 0, 0, 0, 0, 0, 0, 0, 0, 0, 0, 0, 0, 0, 0, 0, 0, 0, 0, 0, 0, 0, 0, 0, 0, 0, 0, 0, 0, 0, 0, 0, 0, 0, 0, 0, 0, 0, 0, 0, 0, 0, 0, 0, 0, 0, 1, 0, 0, 0, 0, 0, 0, 0, 0, 0, 0, 0, 0, 0, 0, 0, 0, 0, 0, 0, 0, 0, 0, 0, 0, 0, 0, 0, 0, 1, 0, 0, 0, 0, 0, 0, 0, 0, 0, 0, 0, 0, 0, 0, 0, 0, 0, 0, 0, 1, 0, 0, 0, 0, 0, 0, 0, 0, 0, 0, 0, 0, 0, 0, 0, 0, 0, 0, 0, 0, 0, 0, 0, 0, 0, 0, 0, 0, 0, 0, 0, 0, 0, 0, 0, 0, 0, 0, 0, 0, 0, 0, 0, 0, 0, 0, 0, 1, 0, 0, 1, 0, 0, 0, 0, 0, 0, 0, 0, 0, 0, 0, 0, 0, 0, 0, 0, 0, 0, 0, 0, 0, 0, 0, 0, 0, 0, 0, 0, 0, 0, 0, 0, 0, 0, 0, 0, 0, 0, 0, 0, 0, 0, 1, 0, 0, 0, 0, 0, 0, 0, 0, 0, 0, 0, 0, 0, 0, 0, 0, 0, 0, 0, 0, 0, 0, 0, 0, 0, 0, 0, 0, 0, 1, 1, 0, 0, 0, 0, 0, 0, 0, 0, 0, 0, 0, 0, 1, 0, 0, 0, 0, 0, 0, 0, 0, 0, 0, 0, 0, 0, 0, 0, 0, 0, 0, 0, 0, 0, 0, 1, 0, 0, 0, 0, 0, 0, 0, 0, 1, 0, 0, 0, 0, 0, 1, 0, 1, 0, 0, 0, 0, 0, 0, 0, 1, 0, 0, 0, 0, 0, 0, 0, 0, 0, 0, 1, 0, 0, 0, 0, 0, 0, 0, 0, 0, 0, 0, 0, 0, 0, 0, 0, 0, 0, 0, 0, 0, 1, 0, 0, 0, 0, 1, 0, 0, 0, 0, 0, 1, 0, 0, 0, 0, 0, 0, 0, 0, 0, 0, 0, 0, 0, 0, 0, 1, 0, 0, 1, 1, 2, 0, 0, 0, 0, 0, 0, 0, 0, 0, 0, 0, 0, 0, 1, 0, 0, 1, 1, 1, 1, 0, 0, 1, 2, 1, 0, 0, 0, 0, 0, 0, 0, 0, 2, 2, 0, 2, 0, 0, 0, 1, 0, 2, 1, 1, 0, 0, 0, 0, 0, 0, 0, 0, 0, 0, 0, 0, 0, 0, 0, 1, 1, 2, 0, 0, 0, 0, 0, 1, 0, 0, 0, 0, 1, 1, 0, 0, 0, 0, 1, 0, 0, 0, 0, 2, 1, 0, 0, 0, 1, 1, 0, 1, 1, 1, 0, 1, 2, 1, 0, 0, 0, 0, 0, 1, 27, 21, 16, 12]"
雷军回应_最终事件描述,雷军回应事件在18小时内呈现明显的舆论分化与动态演变。初期（1-4小时），舆论以支持为主，肯定小米的担当态度，但责任归属争议已现，焦点集中在驾驶操作与智驾功能的边界。中期（5-12小时），两极分化加剧：支持方强调驾驶员主体责任，质疑方则追问技术缺陷（如车门锁死、电池安全），行业对比（特斯拉等案例）和家属动机猜测成为衍生议题。后期（13-19小时），争议趋于白热化，技术讨论（L2级智驾局限性、AEB失效）与情绪化言论（如“低价收车”调侃）并存，公众对智驾宣传的信任危机显现。贯穿全程的核心矛盾是车企责任边界与驾驶者安全的权责划分，理性呼吁等待调查与立场对抗持续交织。事件反映出新能源行业在技术成熟度、宣传规范与舆论应对上的集体挑战，最终演变为涉及技术伦理、商业竞争与社会情绪的复杂公共事件。（199字）,1,"[37, 75, 44, 12, 9, 6, 4, 8, 23, 48, 81, 68, 77, 78, 135, 123, 116, 441, 794]"
买东西前看检测报告靠谱吗_最终事件描述,“买东西前看检测报告靠谱吗”事件在舆论发酵过程中，公众情绪从愤怒质疑逐渐演变为深度不信任与无奈。初期（前8小时），评论集中抨击检测报告造假泛滥、消费者难以辨别真伪的问题，强烈要求严惩造假行为，并质疑平台与企业责任缺位，尤其指出“送检样品与实际商品不符”这一核心漏洞。随着讨论深入（第9小时），舆论进一步揭露行业乱象，如商家利用检测流程漏洞规避监管、第三方机构责任缺失及标准不透明等系统性问题。尽管部分声音强调官方认证和报告可查性的重要性，但整体舆论对监管效力持悲观态度，消费者信任感持续崩塌，甚至出现“因维权困难而减少消费”的消极应对。事件发展趋势凸显市场监管失灵与消费者权益保障体系的深层矛盾，最终导向对“重典治乱”的集体呼吁与无力感的交织。（198字）,0,"[4, 0, 4, 2, 3, 3, 0, 1, 10]"
香飘飘回应奶茶涨价至16元一杯_最终事件描述,香飘飘奶茶涨价至16元一杯事件引发持续争议，舆论呈现明显的两极分化趋势。初期（1-3小时），消费者对价格敏感度极高，负面情绪占主导，多数质疑性价比，认为冲泡奶茶不应与现制奶茶同价，并对比蜜雪冰城等低价品牌，嘲讽“飘了”“喝不起”。支持者则强调“特级龙井”原料升级，认为定价合理。中期（4-8小时），争议焦点转向原料真实性与品牌定位矛盾，超20%评论质疑“龙井”宣传，部分用户澄清仅新品涨价，但官方信息传播不足。后期（9-25小时），负面情绪持续发酵，半数消费者坚持“太贵”，并加剧对健康成分（如植脂末）的批评，替代消费倾向明显（转向自制或竞品）。尽管两成用户支持品质升级，但整体舆情凸显消费降级背景下对快消品涨价的抵触，品牌高端化策略与消费者认知割裂，最终演变为对定价合理性及企业诚信的广泛质疑。,0,"[4, 30, 14, 13, 8, 9, 5, 15, 6, 2, 3, 1, 2, 0, 0, 1, 1, 0, 0, 0, 0, 1, 3, 0, 1, 0]"
我以为演员要学历_最终事件描述,“演员要学历”事件始于对演员蒋欣等非科班演员的学历争议，初期舆论聚焦演技与学历的关联性，普遍倾向“能力＞学历”的价值观，强调天赋与实践的重要性（1-857小时）。随后争议转向赵露思，讨论逐渐两极分化：支持方以她的演技进步、公益行为和综艺真实感为由淡化学历门槛，反对方则坚持文化素养对行业标准的必要性，并衍生出“绝望的文盲”等嘲讽（858-875小时）。后期舆论焦点从学历本身转向行业生态反思，包括剪辑争议、网络暴力及演员心理健康问题（876-880小时）。整体呈现“黑红交织”态势，初期理性探讨逐渐被粉黑对抗情绪主导，最终演变为对娱乐圈生态和公众人物评价体系的广泛批判。,1,"[0, 0, 2, 4, 3, 0, 0, 1, 0, 0, 3, 7, 4, 1, 0, 2, 1, 0, 1, 0, 1, 3, 1, 3, 0, 1, 0, 0, 2, 1, 0, 1, 0, 0, 1, 0, 0, 1, 0, 1, 1, 0, 0, 1, 1, 0, 1, 1, 0, 0, 1, 1, 0, 0, 0, 1, 0, 0, 1, 0, 0, 1, 0, 1, 0, 0, 1, 3, 0, 0, 1, 0, 0, 1, 0, 0, 1, 0, 0, 0, 0, 0, 0, 0, 0, 0, 0, 0, 0, 1, 0, 1, 1, 0, 0, 0, 0, 1, 0, 0, 0, 0, 0, 0, 0, 0, 0, 0, 0, 1, 0, 0, 0, 0, 0, 0, 0, 0, 0, 0, 1, 0, 1, 0, 0, 0, 0, 0, 0, 0, 0, 1, 0, 1, 0, 0, 0, 0, 0, 0, 0, 0, 0, 0, 0, 0, 0, 0, 0, 1, 0, 0, 0, 0, 0, 0, 0, 0, 0, 0, 0, 0, 0, 0, 0, 0, 0, 1, 0, 0, 0, 0, 0, 0, 0, 0, 0, 0, 0, 0, 0, 0, 0, 0, 0, 0, 0, 0, 0, 0, 0, 1, 0, 0, 0, 0, 0, 1, 0, 0, 1, 0, 0, 0, 0, 1, 1, 0, 1, 0, 0, 0, 1, 0, 0, 0, 0, 1, 0, 1, 0, 1, 0, 0, 0, 0, 0, 0, 0, 0, 0, 0, 0, 0, 0, 0, 0, 0, 0, 0, 0, 0, 0, 0, 0, 0, 0, 0, 0, 0, 0, 0, 0, 0, 0, 0, 0, 0, 0, 0, 0, 0, 0, 0, 0, 0, 0, 0, 0, 0, 0, 0, 0, 0, 0, 0, 0, 0, 0, 0, 0, 0, 0, 0, 0, 0, 1, 1, 0, 0, 0, 0, 0, 1, 0, 0, 0, 0, 0, 0, 0, 0, 1, 0, 0, 0, 3, 0, 0, 0, 0, 0, 0, 1, 2, 2, 2, 0, 0, 0, 0, 0, 0, 0, 1, 0, 0, 0, 0, 1, 0, 0, 0, 0, 0, 0, 0, 0, 0, 0, 0, 1, 0, 0, 0, 0, 0, 0, 0, 0, 0, 0, 0, 0, 0, 0, 0, 0, 0, 1, 0, 0, 0, 0, 0, 0, 0, 0, 0, 0, 0, 0, 0, 0, 0, 0, 0, 0, 0, 0, 1, 0, 0, 0, 0, 0, 0, 0, 1, 0, 0, 0, 0, 0, 0, 0, 0, 0, 0, 0, 0, 0, 0, 1, 0, 0, 0, 0, 0, 0, 0, 0, 1, 0, 0, 0, 0, 0, 0, 0, 0, 0, 1, 0, 0, 0, 0, 1, 0, 0, 0, 0, 0, 0, 0, 0, 0, 0, 0, 0, 0, 0, 0, 0, 0, 0, 0, 0, 0, 0, 0, 0, 0, 0, 0, 0, 0, 1, 0, 1, 0, 0, 0, 0, 0, 0, 1, 0, 0, 0, 1, 0, 0, 0, 0, 1, 0, 0, 0, 1, 0, 0, 0, 0, 0, 0, 0, 0, 0, 0, 0, 0, 0, 0, 0, 0, 0, 0, 0, 0, 1, 0, 0, 0, 0, 0, 0, 0, 0, 0, 0, 0, 0, 0, 0, 0, 1, 0, 0, 0, 0, 0, 0, 0, 0, 0, 0, 1, 0, 0, 1, 0, 0, 0, 1, 1, 0, 0, 0, 0, 0, 0, 0, 0, 0, 0, 0, 0, 0, 0, 0, 0, 0, 0, 0, 2, 1, 0, 0, 0, 0, 0, 0, 3, 2, 5, 4, 3, 3, 0, 2, 1, 1, 0, 0, 0, 0, 0, 2, 2, 0, 0, 0, 0, 0, 0, 0, 1, 0, 0, 0, 0, 1, 1, 2, 0, 0, 0, 0, 0, 2, 0, 0, 0, 1, 0, 0, 0, 0, 0, 0, 0, 0, 0, 0, 0, 0, 1, 0, 0, 1, 1, 0, 0, 0, 1, 0, 0, 0, 0, 0, 0, 0, 0, 0, 0, 0, 0, 0, 0, 0, 0, 0, 0, 0, 0, 0, 0, 0, 0, 0, 0, 0, 0, 0, 0, 0, 0, 0, 0, 0, 0, 0, 0, 0, 0, 0, 0, 1, 0, 1, 0, 0, 0, 0, 0, 0, 0, 0, 0, 0, 0, 0, 0, 0, 0, 0, 1, 0, 0, 0, 0, 0, 0, 0, 0, 1, 0, 0, 0, 0, 0, 0, 0, 0, 0, 0, 0, 0, 0, 0, 0, 0, 0, 0, 0, 0, 0, 0, 0, 0, 0, 1, 0, 0, 0, 0, 0, 0, 0, 1, 0, 0, 0, 0, 0, 0, 0, 0, 0, 0, 0, 0, 2, 0, 0, 0, 0, 0, 0, 0, 0, 0, 0, 0, 0, 1, 0, 0, 1, 0, 1, 0, 0, 1, 0, 0, 0, 0, 0, 0, 0, 0, 0, 0, 0, 0, 0, 0, 0, 0, 0, 0, 0, 0, 0, 1, 0, 0, 0, 0, 0, 0, 0, 0, 0, 1, 0, 0, 0, 0, 0, 0, 0, 0, 0, 0, 0, 0, 0, 0, 0, 0, 0, 0, 0, 1, 0, 0, 0, 0, 0, 0, 0, 0, 0, 0, 0, 0, 0, 0, 0, 0, 0, 0, 0, 1, 0, 0, 1, 0, 1, 0, 0, 0, 0, 0, 0, 0, 0, 0, 0, 0, 0, 0, 0, 0, 2, 0, 8, 23, 9, 10, 8, 10, 12, 2, 9, 0, 0, 4, 0, 0, 2, 2, 1, 2, 16, 22, 66, 118]"
玫瑰 想离婚_最终事件描述,"**玫瑰想离婚事件总述**  
事件始于03年网红“玫瑰”突传离婚，初期舆论因信息混乱（身份误认、留学传闻等）陷入认知模糊，情绪两极分化：既有对跨国婚姻现实困境（文化差异、婆媳矛盾）的共情，也有质疑炒作或年龄早婚的争议。随着热度攀升，讨论焦点从个人婚姻矛盾（如“幸福人设”崩塌、育儿责任）泛化为对婚姻本质的悲观反思，形成“离婚自由”与“婚姻忍耐”的观点对冲。中期舆论转向理性探讨，深挖矛盾根源（经济不对等、沟通问题），但信息碎片化持续引发困惑，部分质疑事件真实性。后期争议升级为性别对立（“丧偶式婚姻”VS“公主病”）和网络暴力，营销号借机引流，无关话题掺杂。最终舆论倾向负面，认为双方心智不成熟、矛盾长期积累，但事件真实性仍存疑，整体呈现从震惊→泛化争论→理性反思→争议失焦的演变路径。（199字）",1,"[28, 38, 22, 26, 19, 20, 14, 9, 3, 2, 0, 2, 0, 3, 5, 10, 6, 1, 2, 5, 10, 9, 7, 5]"
黄子佼承认持有7名少女非法影片_最终事件描述,"黄子佼承认持有未成年人非法影片事件引发持续舆论风暴。初期（1-78小时）舆论集中强烈谴责其犯罪行为，焦点包括对其妻子容忍态度的质疑（30%）、对台湾司法量刑过轻的不满（25%），并与韩国N号房等案件对比（15%），要求封杀劣迹艺人的呼声达20%。随着判决细节披露（79-84小时），8个月缓刑及10万罚款引发公愤，公众质疑司法纵容，对其重复出庭着装等表演性行为进行讽刺，同时震惊于案件细节（涉及35名未成年、2259部影像及""点餐""式拍摄）。后期（85-95小时）舆论持续发酵，愤怒情绪高涨，重点转向对未成年受害者（最低10岁）的强烈保护意识，并关联炎亚纶等艺人案例，形成对娱乐圈性犯罪生态的系统性质疑。整体呈现从个体谴责到司法批判、再到行业反思的升级态势，两岸舆论均表现出对性犯罪零容忍的共识。",1,"[0, 0, 0, 0, 0, 0, 0, 0, 0, 0, 0, 0, 1, 0, 0, 0, 0, 0, 0, 0, 0, 1, 0, 2, 1, 0, 0, 0, 0, 0, 0, 0, 0, 1, 1, 0, 0, 0, 0, 0, 0, 0, 0, 0, 0, 0, 0, 0, 0, 0, 0, 0, 0, 1, 0, 0, 1, 0, 0, 1, 0, 1, 0, 0, 0, 0, 0, 0, 0, 0, 0, 0, 0, 0, 0, 0, 0, 0, 27, 27, 63, 37, 34, 22, 25, 4, 5, 0, 1, 0, 2, 4, 4, 12, 11]"
抵制美国货在加拿大成潮流_最终事件描述,"**抵制美国货在加拿大成潮流事件总述**  

该事件初期（1-5小时）呈现明显的情绪两极分化：支持者高呼“加拿大人有骨气”，主张通过抵制反制美国关税政策，并嘲讽“互相伤害”；反对者则担忧经济代价，呼吁理性对话。争议焦点集中在关税报复（如特斯拉受影响）、加美盟友关系平衡及历史矛盾（如“火烧白宫”）。第6小时后，抵制情绪进一步发酵，部分网民扩大抵制范围，推荐转向中国产品，强调“反美觉醒”，而质疑者讽刺行动“父慈子孝”，认为效果有限。地缘标签（如“第51州”）和情绪化表达加剧，但实际影响力仍待观察。整体趋势显示，民间情绪从高涨逐渐转向对行动可持续性和替代方案的讨论，理性与激进观点持续博弈，反映出加美贸易争端下的社会分裂与身份焦虑。（198字）",0,"[0, 0, 2, 3, 1, 12, 8]"
A股疯牛_最终事件描述,"**A股疯牛事件总描述**  
此次疯牛行情呈现典型的“短期狂热与长期隐忧并存”特征。初期（1-7小时），市场情绪两极分化：部分投资者因短期暴涨兴奋加仓，甚至出现消费冲动和杠杆操作；但多数深套者（普遍亏损30%-60%）对回本持谨慎态度，老股民频繁警示风险。中期（7-48小时），赚钱效应吸引场外资金涌入，开户潮、板块轮动和交易异常（系统卡顿、挂单失败）成为焦点，但“解套即抛”心态与踏空焦虑加剧市场波动。后期（49-80小时），情绪极端化显现：乐观者高喊“4000点”“卖房加仓”，而亏损群体和理性投资者则质疑持续性，警惕“泡沫风险”和“机构收割”。政策利好与外资入场预期短暂支撑信心，但结构性矛盾（指数虚涨、个股滞涨）和非理性投机（杠杆、全仓赌博）最终引发对回调的普遍担忧。整体看，事件呈现“快速反弹—狂热投机—分歧加剧—风险累积”的演变路径，反映A股市场脆弱性与散户博弈心态的深层冲突。（199字）",0,"[0, 0, 0, 0, 2, 1, 1, 0, 0, 0, 0, 2, 0, 2, 0, 1, 0, 0, 1, 0, 0, 0, 0, 0, 0, 0, 0, 0, 0, 0, 0, 0, 0, 0, 0, 0, 0, 0, 0, 0, 0, 0, 0, 0, 0, 0, 0, 0, 0, 1, 0, 0, 0, 0, 0, 0, 4, 1, 2, 2, 0, 0, 0, 0, 0, 0, 0, 0, 0, 0, 0, 0, 0, 0, 0, 0, 0, 0, 0, 2, 7]"
男子吃增肌药3个月后性格大变_最终事件描述,"该事件始于男子服用增肌药物3个月后出现性格异常，引发持续1128小时的舆论发酵。初期（1-1105小时）焦点集中在健身药物安全性争议，自然健身与科技健身形成对立，情绪分化明显，既有对药物副作用的担忧（如""健美圈噩耗""），也有戏谑调侃（如""九龙之力""）。中期（1106-1122小时）讨论转向健康风险警示，力补金秋胶囊等具体药物被曝光，舆论批判行业乱象，强调""健身先健脑""理念，同时出现无关话题扩散。后期（1123-1128小时）负面情绪主导，普遍谴责药物滥用导致的生理心理危害（如性功能障碍、性格改变），并延伸至健美圈生态批判与法律规范呼吁。整体呈现从个案讨论到行业反思的升级，舆论始终围绕健康与审美的核心矛盾，最终形成对非正规增肌药物滥用现象的集体警惕，反映出公众对健身价值观异化的深刻忧虑。",0,"[0, 0, 0, 0, 0, 0, 0, 0, 0, 0, 0, 0, 0, 0, 0, 0, 0, 0, 0, 0, 0, 0, 0, 0, 0, 0, 0, 0, 0, 0, 0, 0, 0, 0, 0, 0, 0, 0, 0, 0, 0, 0, 0, 0, 0, 0, 0, 0, 0, 0, 0, 0, 0, 0, 0, 0, 0, 1, 0, 0, 0, 0, 1, 0, 2, 0, 1, 1, 1, 1, 0, 0, 0, 0, 2, 0, 0, 0, 0, 0, 0, 0, 0, 0, 0, 0, 0, 0, 0, 0, 0, 0, 0, 0, 0, 0, 0, 0, 0, 0, 0, 0, 0, 0, 0, 0, 0, 0, 0, 0, 0, 0, 0, 0, 0, 0, 0, 0, 1, 0, 0, 0, 0, 0, 0, 0, 0, 0, 0, 0, 0, 0, 0, 0, 0, 0, 0, 0, 0, 1, 1, 0, 0, 0, 0, 0, 0, 0, 0, 0, 0, 0, 0, 0, 0, 0, 0, 0, 0, 0, 0, 0, 0, 0, 0, 0, 1, 0, 0, 0, 1, 1, 1, 0, 0, 1, 0, 0, 0, 0, 0, 0, 0, 0, 0, 0, 0, 0, 0, 0, 0, 0, 1, 0, 0, 0, 0, 0, 0, 0, 1, 0, 0, 0, 0, 0, 0, 0, 0, 0, 0, 0, 0, 0, 0, 0, 0, 1, 0, 0, 0, 0, 0, 0, 0, 0, 0, 0, 0, 0, 0, 0, 1, 0, 0, 0, 0, 0, 0, 0, 0, 0, 0, 0, 0, 0, 0, 0, 0, 0, 0, 0, 0, 0, 0, 0, 0, 0, 0, 0, 0, 0, 1, 0, 0, 0, 0, 0, 0, 0, 0, 0, 1, 0, 0, 0, 0, 0, 0, 0, 0, 0, 0, 0, 0, 0, 1, 0, 0, 0, 1, 0, 0, 0, 0, 0, 0, 0, 0, 0, 0, 0, 0, 0, 0, 0, 0, 0, 0, 0, 0, 0, 0, 0, 0, 0, 0, 0, 0, 0, 0, 0, 0, 0, 0, 0, 0, 0, 0, 0, 0, 0, 0, 0, 0, 2, 0, 0, 0, 3, 0, 0, 0, 0, 1, 0, 0, 0, 0, 0, 0, 0, 0, 0, 0, 0, 0, 0, 0, 0, 2, 0, 0, 0, 1, 0, 0, 0, 0, 0, 0, 0, 0, 0, 0, 1, 0, 0, 0, 1, 0, 0, 1, 0, 0, 0, 0, 0, 0, 0, 0, 0, 0, 0, 0, 0, 0, 0, 0, 0, 0, 0, 0, 0, 0, 0, 0, 0, 0, 0, 0, 0, 0, 0, 0, 0, 0, 0, 0, 0, 0, 0, 0, 0, 0, 0, 0, 0, 0, 0, 0, 0, 0, 0, 0, 0, 0, 0, 0, 0, 0, 0, 0, 0, 0, 0, 0, 0, 0, 0, 0, 0, 2, 1, 0, 0, 0, 1, 0, 0, 0, 0, 0, 0, 0, 0, 0, 0, 0, 0, 0, 0, 0, 0, 0, 0, 0, 0, 0, 1, 0, 0, 0, 2, 0, 0, 0, 1, 0, 0, 0, 0, 0, 0, 0, 0, 0, 0, 0, 1, 0, 0, 0, 0, 0, 3, 1, 0, 2, 0, 1, 0, 0, 0, 0, 0, 0, 0, 0, 0, 0, 0, 0, 0, 0, 0, 0, 0, 0, 0, 0, 0, 0, 0, 0, 0, 0, 0, 0, 0, 0, 0, 0, 0, 0, 0, 0, 0, 0, 0, 0, 0, 0, 0, 0, 0, 0, 0, 0, 0, 0, 1, 0, 0, 0, 0, 0, 0, 0, 0, 0, 0, 0, 0, 0, 0, 0, 0, 0, 1, 0, 0, 0, 0, 0, 0, 0, 0, 0, 0, 0, 0, 0, 0, 0, 0, 0, 0, 0, 0, 0, 0, 0, 0, 0, 0, 0, 0, 0, 0, 0, 0, 1, 0, 0, 0, 0, 0, 0, 0, 0, 0, 0, 0, 0, 0, 0, 1, 0, 0, 0, 0, 0, 0, 0, 0, 0, 0, 0, 0, 0, 0, 0, 0, 0, 1, 0, 0, 0, 0, 0, 0, 0, 0, 0, 0, 0, 0, 0, 0, 0, 0, 0, 0, 0, 0, 0, 0, 0, 0, 0, 0, 0, 0, 0, 0, 0, 0, 0, 0, 0, 0, 0, 0, 0, 0, 0, 0, 0, 0, 0, 0, 1, 0, 0, 0, 0, 0, 0, 0, 0, 0, 0, 0, 0, 0, 0, 0, 0, 0, 0, 0, 0, 0, 0, 0, 0, 0, 0, 0, 0, 0, 2, 2, 2, 4, 1, 0, 1, 0, 0, 0, 0, 0, 0, 0, 0, 0, 1, 0, 0, 1, 0, 0, 0, 0, 0, 0, 1, 2, 1, 0, 0, 0, 0, 0, 0, 0, 0, 0, 0, 1, 2, 1, 1, 0, 1, 0, 0, 0, 1, 0, 0, 0, 0, 0, 0, 0, 0, 0, 0, 0, 0, 0, 0, 0, 0, 1, 0, 0, 0, 1, 0, 0, 0, 0, 0, 0, 0, 0, 0, 0, 0, 0, 0, 0, 0, 0, 0, 0, 0, 0, 0, 0, 0, 0, 1, 0, 0, 0, 0, 1, 0, 0, 0, 0, 0, 0, 0, 0, 0, 0, 0, 0, 1, 0, 1, 0, 0, 0, 0, 0, 0, 1, 0, 0, 1, 0, 0, 0, 0, 0, 0, 0, 0, 0, 0, 0, 0, 2, 0, 0, 0, 0, 0, 0, 0, 0, 1, 0, 0, 0, 0, 0, 0, 0, 0, 0, 0, 0, 0, 0, 0, 1, 0, 0, 0, 0, 0, 0, 0, 0, 0, 0, 0, 1, 0, 0, 1, 0, 0, 0, 0, 0, 0, 0, 0, 1, 0, 0, 0, 0, 0, 0, 0, 0, 0, 0, 2, 0, 1, 0, 0, 0, 0, 0, 0, 0, 0, 0, 0, 0, 0, 0, 1, 0, 0, 0, 0, 0, 0, 0, 0, 1, 0, 1, 0, 0, 0, 0, 0, 0, 0, 1, 0, 0, 0, 0, 0, 0, 0, 0, 0, 0, 1, 1, 0, 0, 0, 0, 1, 0, 0, 0, 0, 1, 0, 0, 0, 0, 0, 0, 0, 0, 0, 0, 0, 0, 0, 2, 1, 2, 1, 0, 0, 0, 0, 0, 0, 0, 0, 0, 1, 0, 0, 2, 0, 0, 0, 0, 0, 0, 0, 0, 0, 0, 0, 0, 0, 0, 0, 0, 0, 0, 0, 0, 0, 1, 1, 0, 0, 0, 0, 0, 0, 0, 0, 0, 0, 0, 0, 0, 0, 0, 0, 0, 0, 0, 0, 0, 0, 0, 0, 0, 0, 0, 0, 1, 1, 0, 0, 1, 0, 1, 0, 1, 0, 0, 2, 0, 0, 0, 0, 0, 1, 1, 0, 1, 0, 0, 0, 2, 1, 1, 0, 0, 1, 0, 1, 0, 0, 0, 0, 0, 0, 1, 0, 1, 0, 1, 3, 0, 2, 4, 2, 3, 5, 8, 5, 6, 2, 5, 3, 1, 2, 2, 0, 2, 1, 2, 4, 1, 6, 14, 25, 19, 29, 22]"
以军空袭黎巴嫩首都已致5死_最终事件描述,"以军空袭黎巴嫩首都致5死事件引发舆论持续震荡，整体呈现以下发展脉络：  
**初期（1-3小时）**，舆论迅速分化，愤怒情绪主导，多数谴责以色列“军事霸权”和针对平民的袭击，担忧黎巴嫩成为“下一个加沙”，同时出现支持以军“精准打击”的声音。  
**中期（4-12小时）**，争议焦点转向中东国家“不团结”和军力悬殊，伊朗缺席、美国幕后支持成为热议话题，冲突扩大化预测（如“第五次中东战争”）和极端化言论（如“核武器”）涌现。  
**后期（13-314小时）**，舆论趋于固化，反以情绪升级，出现“纳粹”“屠杀”等标签化批判，战地记者安全、真主党高层被斩首等细节引发新关注，但核心矛盾仍围绕以色列军事优势与中东分裂。  
**整体趋势**：事件激化民族主义对立，凸显地区力量失衡与国际秩序失效，舆论从具体事件争议逐渐演变为对中东地缘格局的悲观反思，冲突长期化预期占据主导。（199字）",1,"[2, 33, 93, 57, 28, 23, 18, 17, 24, 47, 54, 64, 65, 51, 21, 8, 7, 6, 0, 5, 5, 3, 2, 5, 3, 0, 0, 0, 0, 1, 0, 0, 0, 0, 0, 0, 0, 0, 0, 0, 0, 1, 0, 0, 0, 0, 1, 2, 0, 1, 0, 0, 0, 0, 0, 0, 0, 0, 0, 1, 0, 1, 1, 0, 0, 1, 0, 0, 1, 1, 0, 0, 0, 0, 0, 0, 0, 0, 0, 0, 0, 0, 0, 0, 1, 1, 1, 0, 2, 1, 0, 0, 0, 0, 0, 0, 0, 2, 0, 0, 0, 0, 0, 0, 0, 0, 0, 0, 1, 0, 0, 0, 1, 0, 0, 0, 0, 0, 1, 0, 0, 0, 0, 0, 0, 0, 0, 0, 0, 0, 0, 0, 0, 1, 0, 0, 0, 0, 0, 0, 0, 0, 0, 0, 0, 0, 0, 0, 0, 0, 1, 0, 0, 0, 0, 0, 0, 0, 0, 0, 0, 0, 0, 0, 0, 0, 0, 0, 0, 0, 0, 0, 0, 0, 0, 0, 0, 0, 0, 0, 0, 0, 0, 1, 1, 4, 9, 7, 11, 10, 7, 11, 8, 1, 3, 0, 1, 1, 2, 0, 0, 1, 1, 4, 9, 1, 2, 5, 1, 4, 2, 5, 3, 0, 3, 3, 3, 3, 0, 1, 0, 0, 1, 0, 0, 1, 2, 1, 0, 2, 0, 0, 1, 0, 0, 0, 0, 0, 0, 0, 1, 2, 1, 0, 1, 0, 1, 0, 3, 0, 0, 0, 1, 2, 0, 1, 1, 0, 0, 0, 0, 0, 1, 0, 1, 0, 0, 0, 0, 0, 0, 0, 0, 0, 0, 0, 0, 0, 0, 0, 0, 0, 0, 0, 0, 0, 1, 0, 1, 0, 0, 0, 0, 0, 0, 0, 0, 0, 1, 1, 0, 0, 0, 2, 0, 0, 0, 0, 0, 0, 0, 0, 3, 51, 7]"
有网文作者股市已赚300万直接断更_最终事件描述,"**事件总述：**  
网文作者炒股暴赚300万后断更的事件在12小时内持续发酵，舆论呈现明显的两极分化与动态演变。初期（1-3小时），市场情绪以“暴富神话”为主导，大量用户炫耀短期收益（如三天赚千万），引发FOMO情绪，但伴随对高本金需求及真实性的质疑。中期（4-8小时），讨论转向理性批判，老股民普遍以未解套经历警示风险，指出“幸存者偏差”和“镰刀论”，舆论从亢奋渐趋谨慎。后期（9-12小时），焦点转移至事件真实性（炒作嫌疑）和股市泡沫反思，多数用户结合自身亏损自嘲，强调“300万不足以财富自由”，并对短期行情持深度怀疑。整体来看，事件从个体案例逐步升级为散户对市场投机生态的集体审视，反映出狂热行情下普通投资者的矛盾心态——既渴望搭便车，又恐惧成为接盘侠。市场情绪最终从跟风冲动回归至风险主导的理性焦虑。",1,"[13, 22, 49, 318, 557, 12, 20, 18, 33, 25, 35, 29, 14, 0]"
新秀王安冉离婚_最终事件描述,新秀王安冉离婚事件经历了从爆发、争议到深度发酵的多阶段演变。初期（1-72小时）舆论以震惊为主，网友对突然的离婚消息感到意外，并猜测财产、债务等现实因素。中期（72-500小时）焦点转向责任归属，双方互相指责，同时粉丝群体逐渐分化。后期（500-716小时）讨论趋于理性，关注子女抚养和婚姻伦理等深层议题，并与王安冉的音乐作品（如《了不起》）产生关联。第717小时后，事件出现新动态，疑似王安冉账号的异常发言引发广泛困惑，新关联人名“喾逸”出现，舆论陷入高度混乱。随后（718-721小时），猜测集中在新秀疑似出轨，其过往言行被反讽，同时身份混淆（如误认为韩安冉）和愚人节质疑加剧了信息混乱。整体上，舆论从娱乐性讨论转向对婚姻伦理和网红经济的反思，但真相仍待当事人正式回应。,0,"[0, 0, 0, 0, 0, 0, 0, 0, 0, 0, 0, 0, 0, 0, 0, 0, 0, 0, 0, 0, 0, 0, 0, 0, 1, 1, 1, 0, 0, 0, 0, 0, 0, 0, 0, 0, 0, 0, 0, 0, 0, 1, 0, 0, 0, 0, 0, 0, 0, 0, 0, 0, 0, 0, 0, 0, 0, 0, 0, 0, 0, 0, 0, 0, 0, 0, 0, 0, 0, 1, 0, 0, 0, 0, 0, 0, 0, 0, 0, 0, 0, 0, 0, 0, 0, 0, 0, 0, 0, 0, 0, 0, 0, 0, 0, 0, 0, 0, 0, 0, 0, 1, 0, 0, 0, 0, 0, 0, 0, 0, 0, 0, 0, 0, 0, 0, 0, 0, 0, 0, 1, 0, 0, 0, 0, 0, 0, 0, 0, 0, 0, 0, 0, 0, 0, 0, 0, 0, 0, 0, 0, 0, 0, 0, 0, 0, 1, 0, 0, 0, 0, 0, 0, 0, 0, 0, 0, 0, 0, 0, 0, 0, 0, 0, 0, 0, 0, 0, 0, 0, 0, 0, 0, 0, 0, 0, 0, 0, 0, 0, 0, 0, 0, 0, 0, 0, 0, 0, 0, 0, 0, 0, 0, 0, 0, 0, 0, 0, 0, 0, 0, 0, 0, 0, 0, 0, 0, 0, 0, 0, 0, 0, 0, 0, 0, 0, 0, 0, 0, 0, 0, 0, 0, 0, 0, 0, 0, 0, 0, 0, 0, 0, 0, 0, 0, 0, 0, 0, 1, 0, 2, 0, 2, 0, 1, 1, 0, 1, 0, 0, 0, 0, 0, 0, 0, 2, 1, 0, 0, 0, 0, 0, 0, 0, 0, 0, 0, 0, 1, 1, 1, 0, 1, 0, 0, 0, 0, 0, 0, 1, 0, 0, 0, 0, 0, 0, 0, 0, 0, 1, 0, 0, 0, 0, 0, 0, 0, 0, 0, 0, 0, 0, 0, 0, 0, 0, 0, 0, 0, 0, 0, 0, 0, 0, 0, 0, 0, 1, 0, 1, 0, 0, 0, 0, 0, 0, 0, 0, 0, 0, 0, 0, 0, 0, 0, 0, 1, 1, 0, 1, 0, 2, 0, 0, 0, 0, 0, 0, 0, 0, 0, 0, 0, 0, 0, 0, 0, 0, 0, 0, 0, 0, 0, 0, 0, 0, 0, 0, 0, 0, 0, 0, 0, 0, 0, 0, 0, 0, 0, 0, 0, 0, 0, 0, 0, 0, 0, 0, 1, 0, 0, 0, 1, 0, 1, 0, 0, 0, 1, 0, 0, 0, 0, 0, 0, 0, 0, 0, 0, 2, 0, 3, 0, 0, 0, 1, 0, 0, 0, 0, 0, 0, 0, 0, 0, 0, 0, 0, 0, 0, 0, 0, 1, 0, 0, 0, 0, 0, 0, 1, 0, 0, 0, 0, 0, 0, 0, 0, 0, 0, 0, 0, 0, 0, 1, 0, 0, 0, 0, 0, 0, 0, 0, 0, 0, 0, 0, 0, 0, 0, 0, 0, 0, 0, 1, 2, 0, 0, 0, 0, 0, 0, 2, 0, 0, 0, 2, 2, 0, 0, 0, 0, 0, 1, 0, 1, 0, 0, 0, 0, 0, 0, 0, 0, 0, 0, 0, 0, 0, 0, 1, 0, 0, 0, 0, 0, 0, 0, 0, 0, 0, 0, 0, 0, 1, 0, 1, 0, 0, 0, 1, 0, 0, 0, 0, 0, 0, 0, 0, 0, 0, 1, 0, 0, 0, 1, 0, 1, 0, 0, 0, 0, 0, 0, 0, 0, 0, 0, 0, 0, 0, 0, 0, 0, 0, 0, 0, 0, 0, 0, 0, 0, 0, 0, 0, 0, 0, 0, 0, 0, 1, 0, 0, 2, 0, 1, 0, 0, 0, 0, 1, 0, 0, 0, 0, 0, 0, 0, 0, 0, 0, 0, 0, 0, 1, 1, 0, 1, 0, 0, 0, 0, 0, 0, 0, 1, 0, 0, 0, 0, 0, 0, 0, 0, 0, 1, 4, 2, 2, 1, 0, 0, 0, 0, 0, 0, 0, 0, 0, 0, 0, 0, 0, 0, 0, 0, 0, 0, 0, 0, 0, 0, 0, 0, 0, 0, 0, 0, 0, 0, 0, 0, 0, 0, 0, 0, 0, 0, 0, 0, 1, 0, 1, 0, 0, 1, 1, 1, 0, 0, 1, 0, 0, 1, 0, 0, 0, 0, 0, 0, 1, 0, 0, 0, 0, 0, 0, 0, 0, 1, 5, 1, 0, 0, 1, 0, 1, 0, 0, 0, 0, 1, 1, 3, 0, 0, 0, 98, 153, 168, 96]"
当年轻人开始去学术酒吧_最终事件描述,“年轻人开始去学术酒吧”事件呈现从猎奇探索到争议反思的演变趋势。初期（1-2小时），该现象以“酒精+学术”的新颖组合引发广泛好奇，人文社科群体兴趣高涨，地域需求（如北京、上海）和学科门槛调侃成为焦点。中期（3-348小时），讨论逐渐分化：支持者推崇其深度社交与思想碰撞价值，类比历史沙龙；反对者质疑“伪学术”倾向，尤其批评理工科内容缺失及“小资优越感”。地域扩展至深圳、武汉等地，功能延伸至失眠解决、相亲场景。后期（349-1727小时），舆论转向对形式与内容适配性的结构性反思，争议聚焦学术娱乐化的边界，如屏摄风险、敏感话题规避等。尽管两极评价持续（“智性恋天堂”vs“装模作样”），事件最终折射出年轻一代对公共知识空间的渴望与对文化消费主义的警惕。（199字）,0,"[0, 0, 1, 0, 0, 1, 0, 0, 0, 2, 0, 0, 0, 0, 0, 0, 0, 0, 0, 0, 0, 0, 0, 0, 0, 0, 0, 0, 0, 0, 0, 0, 0, 0, 0, 0, 0, 0, 0, 0, 0, 0, 0, 0, 0, 0, 0, 0, 0, 0, 0, 0, 0, 0, 0, 0, 0, 0, 0, 0, 0, 0, 0, 0, 0, 0, 0, 0, 0, 0, 0, 0, 0, 0, 0, 0, 0, 0, 0, 0, 0, 0, 0, 0, 0, 0, 0, 0, 0, 0, 0, 0, 0, 0, 0, 0, 0, 0, 0, 0, 0, 0, 0, 0, 0, 0, 0, 0, 0, 0, 0, 0, 0, 0, 0, 0, 0, 0, 0, 0, 0, 0, 0, 0, 0, 0, 0, 0, 0, 0, 0, 0, 0, 0, 0, 0, 0, 0, 0, 0, 0, 0, 0, 0, 0, 0, 0, 0, 0, 0, 0, 0, 0, 0, 0, 0, 0, 0, 0, 0, 0, 0, 0, 0, 0, 0, 0, 0, 0, 0, 0, 0, 0, 0, 0, 0, 0, 0, 0, 0, 0, 0, 0, 0, 0, 0, 0, 0, 0, 0, 0, 0, 0, 0, 0, 0, 0, 0, 0, 0, 0, 0, 0, 0, 0, 0, 0, 0, 0, 0, 0, 0, 0, 0, 0, 0, 0, 0, 0, 0, 0, 0, 0, 0, 0, 0, 0, 0, 0, 0, 0, 0, 0, 0, 0, 0, 0, 0, 0, 0, 0, 0, 0, 0, 0, 0, 0, 0, 0, 0, 0, 0, 0, 0, 0, 0, 0, 0, 0, 0, 0, 0, 0, 0, 0, 0, 0, 0, 0, 0, 0, 0, 0, 0, 0, 0, 0, 0, 0, 0, 0, 0, 0, 0, 0, 0, 0, 0, 0, 0, 0, 0, 0, 0, 0, 0, 0, 0, 0, 0, 0, 0, 0, 0, 0, 0, 0, 0, 0, 0, 0, 0, 0, 0, 0, 0, 0, 0, 0, 0, 0, 0, 0, 0, 0, 0, 0, 0, 0, 0, 0, 0, 0, 0, 0, 0, 0, 0, 0, 0, 0, 0, 0, 0, 0, 0, 0, 0, 2, 1, 1, 0, 0, 0, 0, 0, 0, 1, 0, 0, 0, 0, 0, 0, 0, 0, 0, 0, 0, 0, 0, 0, 0, 0, 1, 0, 0, 0, 0, 0, 0, 0, 0, 0, 0, 0, 0, 0, 0, 0, 0, 0, 0, 0, 1, 2, 3, 3, 4, 0, 0, 0, 0, 0, 0, 0, 0, 0, 0, 0, 0, 0, 0, 0, 0, 0, 0, 0, 0, 1, 0, 0, 0, 0, 0, 0, 0, 1, 0, 0, 0, 0, 0, 0, 0, 0, 0, 0, 0, 0, 0, 0, 0, 0, 0, 0, 0, 0, 0, 0, 0, 0, 0, 0, 0, 0, 0, 0, 0, 0, 0, 0, 0, 0, 0, 0, 0, 0, 0, 1, 0, 0, 0, 0, 0, 0, 0, 0, 0, 0, 0, 0, 0, 0, 0, 0, 0, 0, 0, 0, 0, 0, 0, 0, 0, 0, 0, 0, 0, 0, 0, 0, 0, 0, 0, 0, 0, 0, 0, 0, 0, 0, 0, 0, 0, 0, 0, 0, 0, 0, 0, 0, 0, 0, 0, 0, 0, 0, 0, 0, 0, 0, 0, 0, 0, 0, 0, 0, 0, 0, 0, 0, 0, 0, 0, 0, 0, 0, 0, 0, 0, 0, 0, 0, 0, 0, 0, 0, 0, 0, 0, 0, 0, 0, 0, 0, 0, 0, 0, 0, 0, 0, 0, 0, 0, 0, 0, 0, 0, 0, 0, 0, 0, 0, 0, 0, 0, 0, 0, 0, 0, 0, 0, 0, 0, 0, 0, 0, 0, 0, 0, 0, 0, 0, 0, 0, 0, 0, 0, 0, 0, 0, 0, 0, 0, 0, 0, 0, 0, 0, 0, 0, 0, 0, 0, 0, 0, 0, 0, 0, 0, 0, 0, 0, 0, 0, 0, 0, 0, 0, 0, 0, 0, 0, 0, 0, 0, 0, 0, 0, 0, 0, 0, 0, 0, 0, 0, 0, 0, 0, 0, 0, 0, 0, 0, 0, 0, 0, 0, 0, 0, 0, 0, 0, 0, 0, 0, 0, 0, 0, 0, 0, 0, 0, 0, 0, 0, 0, 0, 0, 0, 0, 0, 0, 0, 0, 0, 0, 0, 0, 0, 0, 0, 0, 0, 0, 0, 0, 0, 0, 0, 0, 0, 0, 0, 0, 0, 0, 0, 0, 0, 0, 0, 0, 0, 0, 0, 0, 0, 0, 0, 0, 0, 0, 0, 0, 0, 0, 0, 0, 0, 0, 0, 0, 0, 0, 0, 0, 0, 0, 0, 0, 0, 0, 0, 0, 0, 0, 0, 0, 0, 0, 0, 0, 0, 0, 0, 0, 0, 0, 0, 0, 0, 0, 0, 0, 0, 0, 0, 0, 0, 0, 0, 0, 0, 0, 0, 0, 0, 0, 0, 0, 0, 0, 0, 0, 0, 0, 0, 0, 0, 0, 0, 0, 0, 0, 0, 0, 0, 0, 0, 0, 0, 0, 0, 0, 0, 0, 0, 0, 0, 0, 0, 0, 0, 0, 0, 0, 0, 0, 0, 0, 0, 0, 0, 0, 0, 0, 0, 0, 0, 0, 0, 0, 0, 0, 0, 0, 0, 0, 0, 0, 0, 0, 0, 0, 0, 0, 0, 0, 0, 0, 0, 0, 0, 0, 0, 0, 0, 0, 0, 0, 0, 0, 0, 0, 0, 0, 0, 0, 0, 0, 0, 0, 0, 0, 0, 0, 0, 0, 0, 0, 0, 0, 0, 0, 0, 0, 0, 0, 0, 0, 0, 0, 0, 0, 0, 0, 0, 0, 0, 0, 0, 0, 0, 0, 0, 0, 0, 0, 0, 0, 0, 0, 0, 0, 0, 0, 0, 0, 0, 0, 0, 0, 0, 0, 0, 0, 0, 0, 0, 0, 0, 0, 0, 0, 0, 0, 0, 0, 0, 0, 0, 0, 0, 0, 0, 0, 0, 0, 0, 0, 0, 0, 0, 0, 0, 0, 0, 0, 0, 0, 0, 0, 0, 0, 0, 0, 0, 0, 0, 0, 0, 0, 0, 0, 0, 0, 0, 0, 0, 0, 0, 0, 0, 0, 0, 0, 0, 0, 0, 0, 0, 0, 0, 0, 0, 0, 0, 0, 0, 0, 0, 0, 0, 0, 0, 0, 0, 0, 0, 0, 0, 0, 0, 0, 0, 0, 0, 0, 0, 0, 0, 0, 0, 0, 0, 0, 0, 0, 0, 0, 0, 0, 0, 0, 0, 0, 0, 0, 0, 0, 0, 0, 0, 0, 0, 0, 0, 0, 0, 0, 0, 0, 0, 0, 0, 0, 0, 0, 0, 0, 0, 0, 0, 0, 0, 0, 0, 0, 0, 0, 0, 0, 0, 0, 0, 0, 0, 0, 0, 0, 0, 0, 0, 0, 0, 0, 0, 0, 0, 0, 0, 0, 0, 0, 0, 0, 0, 0, 0, 0, 0, 0, 0, 0, 0, 0, 0, 0, 0, 0, 0, 0, 0, 0, 0, 0, 0, 0, 0, 0, 0, 0, 0, 0, 0, 0, 0, 0, 0, 0, 0, 0, 0, 0, 0, 0, 0, 0, 0, 0, 0, 0, 0, 0, 0, 0, 0, 0, 0, 0, 0, 0, 0, 0, 0, 0, 0, 0, 0, 0, 0, 0, 0, 0, 0, 0, 0, 0, 0, 0, 0, 0, 0, 0, 0, 0, 0, 0, 0, 0, 0, 0, 0, 0, 0, 0, 0, 0, 0, 0, 0, 0, 0, 0, 0, 0, 0, 0, 0, 0, 0, 0, 0, 0, 0, 0, 0, 0, 0, 0, 0, 0, 0, 0, 0, 0, 0, 0, 0, 0, 0, 0, 0, 0, 0, 0, 0, 0, 0, 0, 0, 0, 0, 0, 0, 0, 0, 0, 0, 0, 0, 0, 0, 0, 0, 0, 0, 0, 0, 0, 0, 0, 0, 0, 0, 0, 0, 0, 0, 0, 0, 0, 0, 0, 0, 0, 0, 0, 0, 0, 0, 0, 0, 0, 0, 0, 0, 0, 0, 0, 0, 0, 0, 0, 0, 0, 0, 0, 0, 0, 0, 0, 0, 0, 0, 0, 0, 0, 0, 0, 0, 0, 0, 0, 0, 0, 0, 0, 0, 0, 0, 0, 0, 0, 0, 0, 0, 0, 0, 0, 0, 0, 0, 0, 0, 0, 0, 0, 0, 0, 0, 0, 0, 0, 0, 0, 0, 0, 0, 0, 0, 0, 0, 0, 0, 0, 0, 0, 0, 0, 0, 0, 0, 0, 1, 0, 1, 2, 0, 0, 0, 0, 0, 0, 0, 0, 0, 2, 1, 0, 2, 2, 2, 0, 2, 0, 0, 0, 0, 1, 0, 0, 0, 0, 0, 0, 0, 0, 1, 0, 0, 0, 0, 0, 0, 0, 0, 0, 0, 0, 0, 0, 0, 0, 0, 0, 0, 0, 0, 0, 0, 0, 0, 0, 0, 0, 0, 0, 0, 0, 0, 0, 0, 0, 0, 0, 0, 0, 0, 0, 0, 0, 0, 0, 0, 0, 0, 0, 0, 0, 0, 0, 0, 0, 0, 0, 0, 0, 0, 0, 0, 0, 0, 0, 0, 0, 0, 0, 0, 0, 0, 0, 0, 0, 0, 0, 0, 0, 0, 0, 0, 0, 0, 0, 0, 0, 0, 0, 0, 0, 0, 0, 0, 0, 0, 0, 0, 0, 0, 0, 0, 0, 0, 0, 0, 0, 0, 0, 0, 0, 0, 0, 0, 0, 0, 0, 0, 0, 0, 0, 0, 0, 0, 0, 0, 0, 0, 0, 0, 0, 0, 0, 0, 0, 0, 0, 0, 0, 0, 0, 0, 0, 0, 0, 0, 0, 0, 0, 0, 0, 0, 0, 0, 0, 0, 0, 0, 0, 0, 0, 0, 0, 0, 0, 0, 0, 0, 0, 0, 0, 0, 0, 0, 0, 0, 0, 0, 0, 0, 0, 1, 0, 0, 0, 0, 0, 0, 0, 0, 0, 0, 0, 0, 0, 0, 0, 0, 0, 0, 0, 0, 0, 0, 0, 0, 0, 0, 0, 0, 0, 0, 0, 0, 0, 0, 0, 0, 0, 0, 0, 0, 0, 0, 0, 0, 0, 0, 0, 0, 0, 0, 0, 0, 0, 0, 0, 0, 0, 0, 0, 0, 0, 0, 0, 0, 0, 0, 0, 0, 0, 0, 0, 0, 0, 0, 0, 0, 0, 0, 0, 0, 0, 0, 0, 0, 0, 0, 0, 0, 0, 0, 0, 0, 0, 0, 0, 0, 0, 0, 0, 0, 0, 0, 0, 0, 0, 0, 0, 0, 0, 0, 0, 0, 0, 0, 0, 0, 0, 0, 0, 0, 0, 0, 0, 0, 0, 0, 0, 0, 0, 0, 0, 0, 0, 0, 0, 0, 0, 0, 0, 0, 0, 0, 0, 1]"
男子长期被妻子责骂偷住邻居家被抓_最终事件描述,"该事件舆论发展呈现明显的阶段性演变：初期（1-16小时）以戏谑调侃为主，网友用""母老虎""等标签娱乐化婚姻矛盾；中期（17-20小时）转向严肃讨论，两极分化加剧——同情者强调男子长期遭受语言暴力构成家暴，质疑性别双重标准；批评者则聚焦非法侵入的违法性，认为应通过离婚解决。后期（21-24小时）争议升级为性别议题与社会反思，核心矛盾集中在三点：1.语言暴力是否属家暴的法律认定；2.性别角色刻板印象（对比女性受害者舆论差异）；3.婚姻困境的解决路径（经济约束/司法救济）。整体趋势从猎奇消解转向深层社会矛盾讨论，媒体报道细节（如37元涉案金额）和黑色幽默（""牢房更舒适""）持续引发争议，反映公众对家暴认知、性别平等及婚姻制度的多重焦虑。（199字）",1,"[0, 0, 0, 0, 0, 0, 0, 0, 0, 0, 0, 0, 0, 0, 0, 5, 20, 63, 48, 40, 53, 34, 28, 22]"
对智能驾驶的宣传不能再含糊其辞了_最终事件描述,该事件在48小时内围绕智能驾驶宣传的模糊性引发持续争议，舆论呈现明显的阶段性演变。初期（前18小时）聚焦技术安全性与责任归属，公众普遍质疑L2-L3级智驾成熟度，讽刺车企“L2.999”等话术，情绪以谨慎和讽刺为主。中期（19-30小时）争议升级，技术缺陷（如高速识别延迟、车门锁死）、宣传误导（混淆辅助与自动驾驶）及电池安全成为核心矛盾，舆论两极分化，部分用户转向传统油车，行业信任危机加剧。后期（31-43小时）讨论转向责任界定与行业规范，要求车企明确技术边界、强化安全警示，华为、特斯拉等品牌被横向对比，监管介入呼声高涨。整体趋势显示，公众对智能驾驶的焦虑从技术可靠性转向宣传透明度和责任划分，反映出对行业规范化的迫切需求。,1,"[0, 0, 0, 0, 0, 0, 0, 0, 0, 0, 0, 1, 1, 0, 0, 6, 3, 4, 6, 17, 21, 37, 64, 46, 26, 29, 5, 8, 9, 7, 12, 24, 38, 59, 76, 455, 978, 146, 69, 46, 38, 68, 45]"
王烁家暴_最终事件描述,王烁家暴事件呈现出“低认知度爆发—争议焦点转移—热度快速消退”的典型特征。事件初期（1-7小时），舆论因当事人知名度低而认知分化，谴责家暴与外貌攻击并存；8-20小时进入爆发期，热搜推动扩散但伴随身份误认，法律定性（家暴vs故意伤害）和性别议题成为核心争议，当事人退网行为加剧质疑。中期（21-36小时）负面情绪主导，面相评价、过往黑料被挖，但公众认知割裂持续（超八成评论表示“不认识”）。后期（37-48小时）讨论趋于疲软，戏谑化明显（如误认王栎鑫、求陪玩梗），严肃议题被娱乐化消解。48小时后事件彻底失焦，仅剩少量粉丝情绪宣泄和法律术语争论，反映出网红负面事件的短暂生命周期——公众因猎奇围观，又因缺乏认知基础快速遗忘，最终演变为一场“无人在意的塌房”。（199字）,0,"[0, 1, 0, 0, 0, 0, 0, 2, 12, 7, 1, 1, 1, 2, 2, 5, 2, 1, 1, 5, 0, 1, 0, 0, 2, 1, 3, 0, 1, 0, 2, 2, 3, 2, 6, 4, 5, 3, 6, 5, 3, 3, 0, 0, 1, 5, 1, 1, 1, 3, 0, 0, 1, 0, 1, 3, 1, 2, 2, 3, 1, 3, 3, 2, 1, 3, 0, 3, 2, 2, 5, 0, 0, 0, 0, 0, 1, 0, 0, 0, 0, 0, 0, 0, 0, 0, 1, 0, 0, 0, 1, 0, 0, 0, 0, 1, 0, 0, 0, 0, 0, 0, 0, 0, 0, 0, 0, 0, 0, 0, 0, 0, 0, 0, 0, 0, 0, 0, 0, 0, 0, 0, 0, 0, 0, 0, 0, 0, 0, 0, 0, 0, 0, 0, 0, 0, 0, 0, 0, 0, 1, 0, 0, 0, 0, 0, 0, 0, 0, 0, 0, 0, 0, 0, 0, 0, 0, 0, 0, 0, 0, 0, 0, 0, 0, 0, 0, 0, 0, 0, 0, 0, 0, 0, 0, 0, 0, 0, 0, 0, 0, 0, 0, 0, 0, 0, 0, 0, 0, 0, 0, 0, 1, 0, 0, 0, 0, 0, 0, 0, 0, 0, 0, 0, 0, 0, 0, 0, 0, 0, 0, 0, 0, 0, 0, 0, 0, 0, 0, 0, 0, 0, 0, 0, 0, 0, 0, 0, 0, 0, 0, 0, 0, 0, 0, 0, 0, 0, 0, 0, 0, 0, 0, 0, 0, 0, 0, 0, 0, 0, 0, 0, 0, 0, 0, 0, 0, 0, 0, 0, 0, 0, 0, 0, 0, 0, 0, 0, 0, 0, 0, 0, 0, 0, 0, 0, 0, 0, 0, 0, 0, 0, 0, 0, 0, 0, 0, 0, 0, 0, 0, 0, 0, 0, 0, 0, 0, 0, 0, 0, 0, 0, 0]"
床垫骗局_最终事件描述,"**床垫骗局事件总述**  
该事件在4小时内呈现明显的舆论升级与议题深化趋势。初期（第1小时）以娱乐化粉丝互动为主，随后迅速转向社会问题曝光，核心矛盾聚焦于针对老年人的床垫骗局，揭露其三大特征：赠品诱骗、无证经营和洗脑营销。第2小时讨论趋于具体化，涉事品牌（如可喜安、和也）被点名，骗局细节（高价无效产品、假冒实名）引发嘲讽与担忧，同时出现信息混杂现象。第3-4小时舆论情绪激化，愤怒与呼吁成为主流，网民集中谴责商家无良行为，强调家庭防骗科普（如转发警示内容）和监管强化（法律惩戒、市场整顿）的双重必要性。事件从个体案例发展为公共安全议题，推动防骗意识广泛传播，凸显老年人权益保护的迫切性。整体呈现“娱乐关注→细节曝光→社会动员”的递进式演变，最终形成对灰色产业链的集体声讨与反思。（199字）",0,"[20, 0, 140, 1]"
水果骗局_最终事件描述,"**水果骗局事件总描述：**  
事件初期，舆论聚焦于“高端水果/蔬菜”营销骗局，揭露玉米笋、奶油富士等实为残次品或普通农产品包装溢价，引发城乡认知差异争议（农村用户嘲讽“智商税”，部分城市消费者自嘲受骗）。随后，讨论迅速扩展至“变异水果”（如辣椒芒、豹纹芒果）和命名套路（如“水果+牛奶”前缀），消费者普遍质疑商家通过美化瑕疵品、虚假宣传（如染色、标签造假）牟利，情绪以愤怒和嘲讽为主。中期，舆论转向集体拆解营销话术（如“小果=次果”“新奇特”），小红书、盒马等平台被指助推乱象，同时部分产品（如玉米笋）因口感获两极评价。后期，愤怒情绪升级，染色水果（如“哈儿果”）和景区消费陷阱成为焦点，但整体对抗性减弱，戏谑自嘲增多，消费者总结出“蔬菜冠水果名即涨价”的套路，呼吁加强监管并回归传统消费。事件暴露出农产品信息差、过度营销及监管缺失问题，最终以普遍警惕性提升和无力感蔓延收尾。（199字）",0,"[0, 0, 0, 0, 0, 0, 0, 0, 0, 1, 0, 2, 1, 2, 3, 3, 0, 10, 7, 4, 5, 7, 4, 3, 2, 1, 0, 0, 0, 1, 10, 4, 13, 33, 103]"
辛巴疑似怒怼韦雪_最终事件描述,辛巴疑似怒怼韦雪事件持续发酵，舆论呈现明显的阶段性演变。初期（1-2123小时），争议焦点集中于辛巴言论的两极化评价，部分支持其“揭露行业乱象”，另一部分批评其“博流量”和人身攻击，关联人物黄晓明、叶珂被卷入，情绪从愤怒逐渐转向理性反思。中期（2124-2125小时），舆论转向对辛巴的强烈质疑，多数批评其“性别双标”和“蹭流量”，负面情绪主导，韦雪因高情商回应获支持，辛巴公众形象受损。后期（2126-2127小时），争议持续激化，性别对立成为核心矛盾，辛巴被指“爹味说教”和“厌女”，支持声量显著减弱，事件陷入僵局。整体来看，事件从情绪化对抗演变为对性别平等和公众人物责任的深度讨论，辛巴成为舆论批判的焦点，而韦雪则因应对得体赢得较多同情。,0,"[1, 0, 0, 0, 0, 0, 0, 0, 0, 0, 0, 0, 0, 1, 0, 0, 1, 0, 0, 0, 0, 0, 0, 0, 0, 0, 0, 0, 0, 0, 0, 0, 0, 0, 0, 0, 0, 0, 0, 0, 0, 0, 0, 0, 0, 0, 0, 0, 0, 0, 0, 0, 0, 0, 0, 0, 0, 0, 0, 0, 0, 0, 0, 0, 0, 0, 0, 0, 0, 1, 0, 0, 0, 0, 0, 0, 0, 0, 0, 0, 1, 0, 1, 1, 0, 0, 0, 0, 0, 1, 0, 0, 1, 0, 0, 0, 0, 0, 0, 0, 0, 0, 0, 0, 0, 0, 0, 0, 0, 0, 0, 0, 0, 0, 0, 1, 0, 0, 0, 0, 0, 0, 0, 0, 0, 0, 0, 0, 0, 0, 1, 0, 0, 0, 0, 0, 0, 0, 0, 0, 0, 0, 0, 0, 0, 0, 0, 0, 0, 0, 0, 0, 0, 0, 0, 0, 0, 0, 0, 0, 0, 0, 0, 0, 0, 0, 0, 0, 0, 0, 0, 0, 0, 0, 0, 0, 0, 0, 0, 1, 0, 0, 0, 0, 0, 0, 0, 0, 0, 0, 0, 0, 0, 0, 0, 0, 0, 0, 0, 1, 0, 0, 0, 1, 0, 0, 0, 0, 0, 0, 0, 0, 0, 0, 0, 0, 0, 0, 0, 0, 0, 0, 0, 0, 0, 0, 0, 0, 0, 0, 0, 0, 0, 0, 0, 0, 1, 0, 0, 0, 0, 0, 0, 0, 0, 0, 0, 0, 0, 2, 0, 0, 0, 1, 0, 1, 0, 1, 0, 0, 0, 1, 0, 0, 0, 0, 0, 0, 0, 0, 0, 0, 0, 0, 0, 0, 0, 0, 0, 0, 0, 0, 0, 0, 0, 0, 0, 0, 0, 0, 0, 0, 0, 0, 0, 0, 0, 0, 0, 0, 0, 0, 0, 0, 0, 0, 0, 1, 0, 0, 0, 0, 0, 0, 1, 0, 0, 0, 0, 0, 0, 0, 0, 0, 0, 0, 1, 0, 0, 0, 0, 0, 0, 1, 0, 0, 0, 0, 0, 0, 0, 0, 0, 0, 0, 0, 0, 0, 0, 0, 0, 0, 0, 0, 0, 0, 0, 0, 0, 0, 0, 0, 0, 0, 0, 0, 0, 0, 0, 0, 0, 0, 1, 0, 0, 0, 0, 0, 0, 0, 0, 0, 0, 0, 0, 0, 0, 0, 0, 0, 0, 0, 0, 0, 0, 0, 0, 0, 0, 0, 0, 0, 0, 1, 0, 0, 0, 0, 0, 0, 0, 0, 0, 0, 0, 0, 1, 1, 0, 0, 1, 0, 0, 0, 0, 0, 0, 0, 0, 2, 1, 0, 0, 0, 0, 0, 0, 0, 0, 0, 0, 0, 0, 1, 0, 0, 0, 0, 0, 0, 0, 0, 0, 0, 0, 0, 0, 0, 0, 0, 0, 0, 0, 0, 0, 0, 0, 0, 0, 0, 0, 0, 0, 0, 0, 0, 0, 0, 0, 0, 1, 0, 0, 0, 0, 0, 0, 0, 0, 0, 0, 0, 0, 0, 0, 0, 0, 1, 0, 1, 0, 0, 0, 0, 0, 0, 0, 0, 0, 0, 0, 0, 0, 0, 0, 0, 0, 1, 1, 0, 0, 0, 0, 0, 0, 0, 0, 0, 0, 0, 0, 0, 0, 0, 0, 0, 0, 0, 0, 0, 0, 0, 0, 0, 0, 0, 0, 0, 0, 0, 0, 0, 0, 0, 0, 0, 0, 0, 1, 0, 1, 0, 0, 0, 1, 0, 0, 0, 0, 1, 0, 0, 0, 0, 0, 0, 0, 0, 0, 0, 0, 0, 0, 0, 0, 0, 0, 0, 0, 0, 0, 0, 0, 0, 0, 0, 0, 0, 0, 0, 0, 0, 0, 0, 0, 0, 0, 0, 0, 0, 0, 0, 0, 0, 0, 0, 1, 0, 0, 0, 0, 0, 0, 0, 0, 0, 0, 0, 0, 0, 0, 0, 0, 0, 0, 0, 0, 0, 0, 0, 0, 0, 0, 0, 0, 1, 0, 0, 0, 0, 0, 0, 0, 0, 0, 0, 0, 0, 0, 0, 0, 0, 0, 0, 0, 0, 0, 0, 0, 0, 0, 0, 0, 0, 0, 0, 0, 0, 0, 0, 0, 1, 0, 0, 0, 0, 0, 2, 0, 0, 0, 0, 0, 0, 0, 0, 0, 0, 0, 0, 0, 0, 0, 0, 0, 0, 1, 0, 0, 0, 0, 0, 0, 0, 0, 0, 0, 0, 0, 0, 0, 0, 0, 0, 0, 0, 0, 0, 1, 0, 0, 0, 0, 0, 0, 0, 3, 0, 1, 0, 0, 0, 0, 0, 0, 0, 0, 0, 0, 0, 0, 1, 0, 0, 0, 0, 0, 0, 0, 0, 1, 0, 0, 0, 0, 0, 0, 0, 0, 0, 0, 0, 0, 0, 0, 0, 0, 0, 0, 0, 0, 0, 0, 0, 0, 0, 0, 0, 0, 0, 0, 0, 0, 0, 0, 0, 0, 0, 0, 0, 0, 0, 0, 0, 0, 0, 0, 0, 0, 0, 0, 0, 0, 0, 0, 0, 0, 0, 0, 0, 0, 0, 0, 0, 0, 0, 0, 0, 0, 0, 0, 0, 0, 0, 0, 0, 0, 0, 0, 0, 0, 0, 0, 0, 0, 0, 0, 0, 0, 0, 0, 0, 1, 0, 0, 0, 0, 0, 0, 0, 1, 0, 0, 0, 0, 0, 0, 0, 0, 0, 0, 1, 0, 0, 0, 0, 0, 0, 1, 0, 0, 0, 0, 1, 1, 0, 0, 0, 0, 0, 0, 0, 0, 0, 0, 1, 0, 0, 1, 0, 0, 0, 0, 0, 1, 0, 0, 0, 0, 0, 0, 0, 0, 0, 0, 0, 0, 0, 0, 0, 0, 0, 0, 0, 1, 0, 0, 1, 0, 0, 1, 0, 0, 0, 1, 0, 0, 0, 0, 0, 0, 0, 0, 0, 1, 0, 0, 0, 1, 0, 0, 0, 1, 0, 0, 0, 0, 0, 0, 0, 0, 0, 0, 0, 0, 0, 0, 0, 0, 0, 0, 0, 1, 0, 1, 0, 0, 0, 0, 0, 1, 0, 0, 0, 0, 0, 0, 0, 0, 0, 0, 0, 0, 0, 0, 0, 0, 0, 0, 0, 1, 0, 0, 1, 0, 0, 0, 0, 0, 0, 0, 0, 0, 0, 0, 0, 0, 0, 0, 0, 0, 0, 1, 0, 0, 1, 0, 0, 0, 0, 0, 0, 0, 0, 0, 0, 0, 0, 0, 0, 0, 0, 0, 0, 0, 0, 0, 0, 0, 0, 0, 0, 0, 0, 0, 0, 0, 0, 0, 0, 0, 0, 0, 0, 0, 0, 0, 0, 0, 0, 1, 0, 0, 0, 0, 0, 0, 1, 0, 0, 0, 0, 0, 0, 0, 0, 0, 0, 0, 0, 0, 0, 0, 0, 0, 0, 0, 0, 0, 0, 0, 1, 0, 0, 0, 0, 0, 0, 0, 0, 0, 0, 0, 0, 0, 0, 0, 0, 0, 0, 0, 0, 0, 0, 0, 0, 0, 0, 0, 0, 0, 0, 0, 0, 0, 0, 0, 0, 0, 0, 1, 0, 0, 0, 0, 0, 0, 0, 0, 0, 0, 0, 0, 0, 0, 0, 0, 0, 0, 0, 0, 0, 0, 0, 1, 0, 0, 0, 0, 0, 0, 0, 1, 0, 1, 0, 0, 0, 0, 0, 0, 0, 1, 0, 0, 0, 0, 0, 0, 0, 0, 0, 0, 0, 1, 0, 0, 0, 0, 0, 0, 0, 0, 0, 0, 0, 0, 0, 1, 0, 0, 0, 0, 0, 0, 1, 0, 0, 0, 0, 0, 1, 0, 0, 0, 0, 0, 0, 0, 0, 0, 0, 0, 0, 0, 0, 0, 0, 0, 0, 0, 0, 0, 0, 0, 0, 0, 1, 0, 0, 0, 0, 0, 0, 0, 0, 0, 0, 0, 0, 0, 0, 1, 0, 0, 0, 0, 0, 0, 0, 0, 0, 0, 0, 1, 0, 0, 0, 0, 0, 0, 0, 0, 0, 0, 0, 0, 0, 0, 0, 0, 0, 0, 0, 2, 0, 0, 0, 0, 0, 0, 0, 0, 0, 0, 0, 0, 0, 0, 0, 0, 0, 0, 0, 1, 0, 0, 1, 0, 0, 0, 0, 0, 0, 0, 0, 0, 0, 0, 0, 0, 0, 0, 0, 0, 0, 0, 0, 1, 0, 1, 0, 0, 0, 0, 0, 0, 0, 0, 0, 0, 1, 0, 0, 1, 0, 0, 0, 1, 0, 0, 0, 0, 0, 0, 0, 1, 0, 0, 0, 0, 0, 0, 0, 1, 0, 0, 1, 1, 0, 1, 2, 0, 1, 0, 1, 1, 1, 2, 0, 0, 0, 1, 0, 0, 0, 0, 0, 1, 0, 0, 0, 1, 0, 0, 1, 0, 0, 0, 1, 2, 0, 1, 0, 0, 0, 0, 0, 0, 0, 0, 0, 0, 0, 1, 0, 0, 0, 1, 0, 0, 0, 0, 1, 0, 1, 0, 0, 1, 1, 0, 0, 0, 0, 0, 0, 0, 0, 0, 0, 0, 0, 0, 3, 1, 1, 0, 1, 0, 0, 0, 2, 0, 0, 0, 0, 0, 0, 0, 0, 1, 0, 0, 0, 0, 0, 0, 0, 1, 0, 0, 0, 0, 0, 0, 0, 0, 0, 0, 0, 0, 0, 0, 0, 0, 0, 0, 0, 0, 0, 0, 0, 0, 0, 0, 0, 0, 0, 0, 0, 0, 0, 0, 0, 0, 0, 0, 0, 0, 1, 0, 0, 0, 0, 0, 0, 0, 0, 0, 0, 0, 0, 1, 0, 0, 0, 0, 0, 0, 0, 0, 0, 0, 0, 0, 0, 0, 0, 0, 0, 0, 1, 0, 0, 0, 0, 0, 0, 0, 0, 0, 0, 0, 0, 0, 0, 0, 0, 0, 0, 0, 0, 0, 0, 1, 0, 0, 0, 0, 0, 0, 0, 0, 0, 0, 0, 0, 0, 0, 0, 0, 0, 0, 0, 0, 0, 0, 0, 0, 0, 0, 0, 0, 0, 0, 1, 1, 0, 0, 0, 0, 0, 0, 0, 0, 0, 0, 0, 0, 0, 0, 0, 0, 0, 0, 0, 0, 0, 1, 1, 0, 0, 0, 0, 0, 0, 0, 0, 0, 0, 0, 0, 0, 0, 0, 0, 0, 0, 0, 0, 0, 0, 1, 0, 1, 0, 0, 0, 1, 0, 0, 0, 0, 1, 0, 1, 0, 2, 0, 0, 1, 0, 0, 1, 2, 0, 2, 0, 1, 1, 1, 0, 1, 2, 0, 0, 0, 0, 0, 1, 1, 1, 2, 1, 0, 1, 1, 0, 1, 0, 0, 1, 7, 0, 1, 0, 0, 0, 0, 1, 0, 1, 0, 0, 0, 1, 0, 1, 0, 1, 0, 0, 1, 0, 0, 0, 0, 0, 0, 0, 0, 0, 0, 0, 0, 0, 0, 0, 1, 0, 0, 0, 0, 0, 0, 0, 0, 0, 0, 0, 0, 0, 0, 0, 0, 0, 0, 0, 0, 1, 1, 0, 0, 0, 0, 0, 1, 0, 1, 0, 0, 0, 0, 0, 0, 0, 0, 0, 0, 2, 0, 0, 1, 1, 0, 0, 0, 0, 0, 0, 0, 0, 0, 0, 0, 0, 0, 0, 0, 0, 0, 0, 0, 0, 0, 0, 0, 0, 0, 0, 0, 0, 1, 0, 0, 0, 0, 0, 0, 0, 0, 0, 0, 0, 0, 1, 0, 0, 0, 0, 0, 0, 0, 0, 0, 0, 0, 1, 0, 0, 0, 0, 0, 0, 0, 0, 0, 0, 0, 0, 0, 0, 0, 0, 0, 0, 0, 0, 0, 0, 0, 0, 0, 1, 0, 0, 0, 0, 0, 0, 0, 0, 0, 0, 0, 0, 0, 0, 0, 0, 0, 0, 0, 0, 0, 1, 0, 0, 0, 0, 0, 0, 0, 0, 0, 0, 0, 0, 0, 0, 0, 0, 0, 0, 0, 0, 1, 0, 0, 0, 0, 0, 0, 0, 0, 0, 0, 3, 2, 1, 1, 0, 0, 0, 0, 0, 0, 0, 0, 1, 0, 1, 0, 0, 1, 0, 0, 0, 0, 0, 0, 0, 0, 1, 0, 0, 0, 0, 0, 0, 0, 0, 0, 0, 0, 0, 0, 1, 0, 0, 0, 0, 1, 0, 0, 0, 0, 1, 0, 0, 1, 0, 0, 0, 0, 0, 0, 1, 0, 0, 0, 1, 1, 1, 0, 0, 0, 2, 2, 0, 0, 0, 0, 0, 0, 0, 0, 0, 0, 0, 0, 0, 0, 0, 2, 0, 1, 0, 0, 0, 0, 1, 0, 0, 0, 1, 0, 0, 0, 1, 0, 0, 0, 0, 1, 1, 0, 0, 0, 0, 0, 0, 0, 0, 0, 0, 0, 0, 0, 2, 1, 2, 0, 0, 0, 0, 0, 0, 1, 0, 1, 1, 0, 2, 0, 0, 0, 0, 0, 2, 1, 1, 0, 0, 0, 1, 1, 0, 0, 0, 0, 0, 0, 1, 0, 3, 0, 1, 1, 1, 1, 0, 2, 1, 0, 0, 1, 2, 1, 0, 0, 0, 0, 0, 1, 1, 2, 0, 2, 1, 0, 1, 0, 1, 2, 5, 0, 1, 2, 5, 2, 0, 0, 2, 0, 0, 1, 3, 3, 8, 6, 9, 1, 56, 215, 85, 2]"
24-4大麻合法后的泰国_最终事件描述,"泰国大麻合法化政策在中国社交媒体引发持续争议，舆论呈现高度情绪化与对立态势。事件初期（1-14小时），评论两极分化，支持者肯定政策自由度，反对者则以历史类比（如鸦片战争）表达讽刺与担忧。随后（19-24小时），反对声浪迅速占据主导，核心诉求聚焦三点：坚决抵制毒品合法化（强调禁毒底线与历史教训）、强烈担忧泰国旅游安全（部分网民取消行程）、警惕大麻危害被""洗白""。中期（25-32小时），舆情升级为广泛恐慌，历史创伤记忆（""东亚病夫""）被频繁激活，旅游意愿显著受挫，同时出现将大麻与硬性毒品混淆、政治化延伸（如关联台湾议题）等极端化倾向。后期（33-116小时），争议趋于结构化，安全担忧持续主导讨论，少量理性探讨医疗用途的声音遭压制，国际对比强化了""西方自由危害""的叙事框架。整体呈现民族主义情绪与毒品零容忍立场深度绑定、信息误差与极端言论并存的特征，反映出中泰政策差异引发的文化冲突与身份焦虑。",1,"[0, 0, 0, 0, 0, 0, 0, 0, 0, 0, 0, 0, 0, 1, 2, 0, 0, 0, 0, 27, 56, 32, 40, 27, 12, 5, 2, 1, 3, 3, 3, 13, 5, 4, 4, 1, 0, 7, 1, 1, 0, 5, 1, 0, 1, 1, 5, 2, 7, 0, 0, 0, 0, 0, 1, 1, 1, 4, 2, 4, 2, 1, 1, 0, 1, 1, 2, 2, 0, 1, 0, 2, 0, 0, 0, 0, 0, 0, 0, 0, 0, 0, 0, 0, 0, 0, 1, 0, 1, 0, 1, 1, 0, 1, 0, 0, 0, 0, 0, 1, 0, 0, 0, 0, 0, 0, 0, 0, 0, 0, 0, 0, 0, 1, 0, 1]"
博物馆昆虫_最终事件描述,"**博物馆昆虫事件整体描述：**  

事件始于两名儿童擅自抓取展馆昆虫的行为，初期舆论聚焦于对儿童及家长的强烈谴责，愤怒情绪主导，多数声音呼吁报警、追责及赔偿，并批评家长监护缺位与博物馆管理疏漏（如未上锁展柜）。随后，争议逐渐升级为三方责任归属的辩论：家庭教育缺失、博物馆防护不足及法律追责可行性。情绪从愤怒转向道德批判，极端言论（如“放毒虫报复”）增多，同时出现对未成年人保护法的分歧。  

中期舆论分化，一方坚持严惩家长以警示社会，另一方质疑昆虫价值或归咎博物馆，但家庭教育与公共管理矛盾始终为核心。后期讨论延伸至社会规则与教育反思，法律追责呼声持续，但部分声音主张宽容。事件最终呈现从个体行为向家庭教育、公共管理及法律执行等深层议题扩散的趋势，凸显公众对“熊孩子”现象与社会规范的积怨与焦虑。",1,"[0, 0, 0, 2, 2, 4, 2, 3, 3, 1, 0, 5, 12, 13, 20, 23, 19, 21, 26, 32, 1, 0, 9, 4, 6, 11, 9, 8, 6, 6, 4, 9, 5, 2, 3, 5, 5, 5, 8, 5, 6, 2, 2, 0, 3, 2, 3, 4, 6, 1, 4, 4, 2, 0, 1, 0, 1, 1, 2, 1, 1, 0, 0, 1, 1, 3, 1, 0, 2, 0, 2, 3, 2, 2, 1, 1, 0, 0, 0, 0, 0, 0, 0, 0, 0, 0, 2, 0, 0, 0, 0, 0, 0, 0, 0, 4, 0, 1, 0, 0, 0, 0, 0, 0, 0, 0, 1, 0, 0, 0, 0, 0, 0, 0, 0, 0, 0, 0, 0, 0, 0, 2, 0, 1, 0, 0, 0, 0, 0, 0, 0, 0, 0, 0, 0, 0, 0, 0, 0, 0, 0, 0, 0, 0, 0, 0, 0, 0, 0, 0, 0, 0, 0, 0, 0, 0, 0, 0, 0, 0, 0, 0, 0, 0, 0, 0, 0, 0, 0, 0, 0, 0, 0, 0, 0, 0, 0, 0, 0, 0, 0, 0, 0, 0, 0, 0, 0, 0, 0, 0, 0, 0, 1, 0, 0, 0, 1, 0, 0, 0, 0, 0, 0, 1, 0, 0, 1, 1, 0, 0, 0, 0, 0, 0, 0, 0, 0, 1, 1, 0, 0, 0, 0, 0, 0, 0, 0, 0, 0, 0, 0, 1, 0, 1, 0, 0, 0, 1, 0, 1, 0, 0, 0, 1, 0, 0, 0, 0, 0, 0, 0, 0, 0, 0, 0, 0, 0, 0, 0, 0, 0, 0, 0, 0, 0, 0, 0, 0, 0, 0, 0, 0, 0, 0, 0, 0, 0, 0, 0, 0, 0, 0, 0, 0, 0, 0, 0, 0, 0, 0, 0, 0, 0, 0, 0, 0, 0, 0, 0, 1]"
特朗普称不想跟中国发生任何战争_最终事件描述,特朗普表态“不想跟中国发生任何战争”后，中国舆论呈现明显的对抗性演变。初期（1-53小时）以质疑美国意图为主，民族情绪高涨，强调“不惧战”的防御性强硬立场；中期（54-387小时）舆论两极分化，既有对美战略蔑视（“纸老虎”“实力衰退”），也有对台海统一的迫切呼吁，整体不信任感加深。后期（388-904小时）转向务实警惕，普遍认为特朗普言论出于商人利益考量，同时多地学校停课引发备战猜测，主战情绪与戏谑调侃并存。末期（905-912小时）聚焦经济科技战，舆论高度质疑美方言行不一，形成“备战止战”共识。整个事件反映中美关系深层矛盾，中国民众对美信任缺失，民族自信与对抗意愿持续强化。,1,"[12, 8, 7, 1, 1, 3, 0, 1, 1, 0, 0, 0, 2, 1, 1, 2, 1, 1, 1, 1, 1, 0, 0, 0, 0, 1, 1, 0, 0, 1, 1, 0, 0, 1, 0, 2, 1, 0, 0, 0, 0, 0, 1, 0, 0, 0, 0, 0, 1, 0, 0, 1, 1, 4, 9, 16, 4, 2, 2, 2, 1, 9, 8, 18, 11, 13, 11, 12, 9, 2, 2, 2, 2, 8, 3, 2, 3, 1, 0, 1, 2, 2, 0, 1, 1, 0, 0, 2, 0, 1, 1, 0, 0, 1, 1, 0, 0, 1, 1, 0, 0, 1, 1, 0, 0, 1, 0, 0, 0, 2, 1, 0, 2, 3, 1, 1, 1, 1, 1, 2, 2, 3, 2, 1, 1, 0, 1, 0, 0, 0, 0, 0, 0, 0, 1, 0, 0, 1, 0, 1, 0, 1, 0, 1, 0, 1, 0, 3, 2, 1, 0, 0, 0, 0, 0, 0, 0, 0, 0, 1, 0, 0, 0, 3, 0, 2, 2, 1, 0, 0, 1, 1, 0, 0, 0, 0, 0, 0, 0, 0, 0, 0, 1, 1, 1, 0, 2, 1, 0, 0, 1, 0, 0, 1, 1, 1, 0, 1, 1, 1, 0, 1, 0, 0, 0, 0, 0, 1, 0, 1, 1, 1, 0, 0, 0, 0, 0, 0, 0, 0, 0, 0, 2, 0, 0, 0, 0, 0, 0, 0, 0, 0, 0, 1, 0, 0, 2, 2, 2, 0, 0, 2, 1, 1, 0, 0, 1, 0, 0, 0, 0, 0, 0, 0, 1, 0, 1, 0, 0, 0, 0, 1, 0, 1, 1, 1, 1, 1, 0, 0, 0, 0, 0, 0, 0, 0, 0, 0, 0, 0, 0, 0, 0, 1, 0, 0, 0, 0, 0, 0, 0, 0, 0, 0, 0, 0, 0, 0, 0, 0, 0, 0, 0, 0, 0, 0, 0, 0, 1, 0, 0, 0, 0, 0, 0, 0, 0, 0, 0, 0, 0, 0, 0, 0, 0, 0, 0, 0, 0, 0, 0, 1, 0, 0, 1, 0, 0, 0, 0, 0, 1, 0, 0, 0, 0, 0, 0, 0, 0, 0, 0, 0, 0, 0, 0, 0, 0, 0, 0, 0, 0, 0, 0, 1, 0, 0, 1, 0, 0, 0, 0, 0, 0, 0, 0, 0, 0, 0, 0, 0, 0, 0, 0, 0, 1, 1, 0, 8, 7, 34, 23, 19, 8, 5, 5, 5, 5, 10, 14, 19, 13, 18, 15, 6, 4, 1, 5, 2, 5, 5, 7, 16, 7, 6, 4, 3, 0, 0, 2, 2, 0, 0, 4, 0, 3, 6, 0, 1, 1, 1, 1, 0, 0, 0, 0, 1, 0, 2, 0, 0, 0, 0, 0, 0, 0, 0, 1, 1, 0, 0, 0, 0, 0, 0, 0, 0, 0, 0, 0, 0, 0, 0, 0, 0, 1, 0, 0, 0, 0, 0, 0, 0, 0, 1, 1, 0, 1, 0, 0, 0, 0, 0, 0, 0, 0, 0, 0, 0, 0, 0, 0, 0, 0, 0, 0, 0, 1, 1, 0, 0, 0, 1, 0, 0, 0, 0, 1, 0, 0, 0, 1, 1, 0, 0, 0, 1, 0, 0, 0, 0, 0, 0, 1, 0, 0, 0, 0, 0, 0, 3, 19, 17, 23, 47, 13, 16, 10, 6, 4, 6, 8, 9, 11, 7, 9, 8, 13, 7, 5, 6, 3, 1, 2, 4, 5, 4, 3, 6, 2, 7, 5, 2, 2, 2, 3, 0, 2, 3, 6, 4, 5, 10, 9, 3, 5, 7, 5, 5, 8, 11, 4, 2, 6, 4, 3, 0, 2, 1, 1, 0, 0, 1, 1, 2, 1, 0, 0, 0, 3, 0, 0, 1, 3, 0, 0, 1, 0, 1, 0, 0, 1, 0, 0, 0, 0, 0, 0, 0, 1, 1, 1, 1, 0, 2, 1, 0, 0, 0, 0, 1, 0, 0, 0, 0, 1, 0, 0, 0, 0, 0, 1, 2, 0, 0, 0, 0, 0, 0, 0, 0, 0, 0, 0, 0, 1, 0, 0, 0, 0, 0, 0, 0, 0, 0, 0, 0, 0, 0, 0, 0, 0, 0, 1, 0, 0, 0, 0, 0, 0, 1, 0, 1, 0, 0, 0, 0, 0, 1, 0, 0, 0, 0, 0, 0, 0, 1, 1, 0, 0, 0, 1, 0, 1, 1, 0, 0, 0, 0, 0, 1, 0, 1, 0, 0, 0, 0, 0, 0, 0, 2, 0, 0, 0, 0, 0, 0, 0, 1, 0, 0, 0, 1, 0, 0, 0, 0, 0, 0, 0, 0, 0, 0, 0, 0, 0, 0, 0, 0, 1, 0, 0, 0, 0, 0, 0, 0, 0, 0, 1, 0, 0, 0, 0, 0, 0, 0, 0, 0, 0, 0, 0, 0, 0, 0, 0, 0, 0, 0, 0, 0, 0, 0, 0, 0, 0, 0, 0, 1, 0, 0, 0, 0, 0, 0, 0, 0, 0, 0, 1, 0, 0, 0, 0, 0, 0, 0, 1, 0, 0, 0, 0, 0, 0, 0, 0, 0, 0, 0, 0, 0, 0, 0, 0, 0, 0, 0, 0, 0, 0, 0, 0, 0, 0, 0, 0, 0, 0, 0, 0, 0, 0, 0, 0, 0, 0, 0, 0, 0, 0, 0, 0, 0, 0, 0, 0, 0, 0, 0, 0, 0, 0, 0, 0, 0, 0, 0, 0, 0, 0, 0, 0, 0, 0, 0, 0, 0, 0, 0, 0, 0, 0, 0, 0, 0, 0, 0, 0, 0, 0, 2, 2, 6, 9, 3, 3, 0, 1, 1, 0, 1, 1, 2, 0, 3, 5, 5, 9, 11, 28, 74, 107, 25]"
95后女孩出租自己1年假结婚七八次_最终事件描述,"该事件曝光后，舆论呈现从猎奇调侃到多元争议的演变过程。初期（1-713小时）焦点集中于经济收益与婚恋观碰撞，网友对比彩礼现象戏谑自嘲，反映年轻人对传统婚姻压力的消极态度；中期（714-729小时）转向对新型职业的探讨，支持者认可其婚恋条件""三观正""，质疑者则担忧安全与伦理风险，舆论场分化明显；后期（730-738小时）争议持续深化，法律风险（重婚、诈骗）、道德困境（份子钱动机）成为核心议题，同时出现效仿倾向与职业化讨论。整体呈现""经济压力催生灰色需求—传统与现代观念冲突—合法性危机显现""的三阶段特征，既暴露当代青年应对婚恋焦虑的非常规策略，也折射社会对非传统生存方式的复杂认知，戏谑与忧虑情绪始终交织。（199字）",0,"[0, 0, 0, 0, 0, 0, 0, 0, 0, 0, 0, 0, 0, 0, 0, 0, 0, 0, 0, 0, 1, 0, 0, 0, 0, 0, 0, 0, 0, 0, 0, 0, 1, 0, 0, 0, 0, 0, 0, 0, 0, 0, 0, 0, 0, 0, 0, 0, 0, 0, 0, 0, 0, 0, 0, 0, 0, 0, 0, 0, 0, 0, 0, 0, 0, 0, 0, 0, 0, 0, 0, 0, 0, 0, 0, 0, 0, 0, 0, 0, 0, 0, 0, 0, 0, 0, 0, 0, 0, 0, 0, 0, 0, 1, 0, 0, 0, 0, 0, 0, 0, 0, 0, 0, 0, 0, 0, 0, 0, 0, 0, 0, 0, 0, 0, 0, 0, 0, 0, 0, 0, 0, 0, 0, 0, 0, 0, 0, 0, 0, 0, 0, 0, 0, 0, 0, 0, 0, 0, 0, 0, 0, 0, 0, 0, 0, 0, 0, 0, 0, 0, 0, 0, 0, 0, 0, 0, 0, 0, 0, 0, 0, 0, 0, 1, 0, 0, 0, 0, 0, 0, 0, 0, 0, 0, 0, 0, 0, 0, 0, 0, 0, 0, 2, 0, 0, 0, 0, 0, 0, 0, 0, 0, 0, 0, 0, 0, 0, 0, 0, 0, 2, 0, 0, 0, 0, 0, 0, 0, 0, 0, 0, 0, 0, 0, 0, 0, 0, 0, 0, 0, 0, 0, 0, 0, 0, 0, 0, 1, 0, 0, 0, 0, 0, 0, 0, 0, 0, 0, 0, 0, 0, 0, 0, 0, 0, 0, 0, 0, 0, 0, 0, 0, 0, 0, 0, 0, 0, 0, 0, 0, 0, 0, 0, 0, 0, 0, 0, 0, 0, 0, 0, 0, 0, 0, 0, 0, 0, 0, 0, 0, 0, 0, 0, 0, 0, 0, 0, 0, 0, 0, 0, 0, 0, 0, 0, 0, 1, 0, 0, 0, 0, 0, 0, 0, 0, 0, 0, 0, 0, 0, 0, 0, 0, 0, 0, 0, 0, 0, 0, 0, 0, 0, 0, 0, 0, 0, 0, 0, 0, 0, 0, 0, 0, 0, 0, 0, 0, 0, 0, 0, 0, 0, 1, 0, 0, 0, 1, 0, 0, 0, 0, 0, 0, 0, 0, 0, 0, 0, 0, 0, 0, 0, 0, 0, 0, 0, 1, 0, 0, 0, 0, 0, 0, 0, 0, 0, 1, 0, 0, 0, 0, 0, 0, 0, 0, 0, 0, 0, 0, 0, 0, 0, 0, 0, 0, 0, 0, 0, 0, 0, 0, 0, 0, 0, 0, 0, 0, 0, 0, 0, 0, 0, 0, 0, 1, 0, 0, 0, 0, 0, 0, 0, 0, 0, 0, 0, 0, 0, 0, 0, 0, 0, 0, 0, 0, 0, 0, 0, 0, 0, 0, 1, 0, 0, 0, 0, 0, 0, 0, 0, 0, 0, 0, 0, 0, 0, 0, 0, 0, 0, 0, 0, 0, 0, 0, 0, 1, 0, 0, 0, 0, 0, 0, 0, 0, 2, 0, 0, 0, 0, 0, 0, 0, 0, 0, 0, 0, 0, 0, 0, 0, 0, 0, 0, 0, 0, 0, 0, 0, 0, 0, 0, 0, 0, 0, 0, 0, 0, 0, 0, 0, 0, 0, 0, 1, 0, 0, 1, 0, 0, 0, 1, 0, 0, 0, 0, 0, 0, 0, 0, 0, 0, 0, 0, 0, 0, 1, 0, 0, 0, 0, 0, 0, 0, 0, 0, 0, 0, 0, 1, 0, 0, 0, 0, 0, 0, 0, 0, 0, 0, 0, 0, 0, 0, 0, 0, 0, 0, 1, 0, 0, 0, 0, 0, 0, 0, 0, 0, 0, 0, 0, 0, 0, 0, 1, 0, 1, 0, 1, 0, 1, 0, 0, 0, 0, 0, 0, 0, 0, 0, 0, 0, 0, 0, 0, 0, 0, 0, 0, 0, 0, 0, 0, 0, 1, 0, 0, 0, 0, 0, 1, 0, 0, 0, 0, 0, 0, 0, 0, 0, 0, 0, 0, 0, 0, 0, 0, 1, 0, 0, 1, 0, 1, 0, 1, 1, 0, 1, 0, 0, 0, 0, 0, 0, 0, 0, 0, 2, 0, 0, 1, 0, 0, 0, 0, 0, 2, 0, 0, 1, 0, 0, 0, 0, 0, 0, 0, 1, 0, 1, 0, 1, 1, 0, 0, 3, 0, 0, 0, 4, 0, 1, 1, 0, 0, 1, 0, 0, 0, 0, 1, 1, 1, 0, 0, 3, 0, 0, 0, 0, 0, 0, 2, 13, 5, 4, 3, 3, 3, 0, 2, 0, 1, 1, 1, 0, 3, 2, 3, 16, 12, 9, 28, 17, 11, 13, 11]"
石破茂因政治资金问题被检举_最终事件描述,石破茂因政治资金问题被检举事件，舆论发展呈现明显的阶段性特征。初期（1-772小时）讨论分散，以考研备考话题为主，零星涉及对其政治立场的争议，整体热度较低。事件爆发后（773小时起），舆论迅速转向高度负面，焦点集中于三点：一是对其执政前景的普遍看衰，戏谑其可能成为“短命首相”；二是将事件归因于美国干预，认为其“驻军美国”等言论触怒美方，导致东京地检署快速行动；三是对日本政坛的讽刺，包括频繁更迭、贪污痼疾等。随着时间推移（774-783小时），阴谋论叙事强化，超六成评论关联“美国操控”，东京地检署的历史背景被反复提及，反美情绪占比升至31%。整体而言，公众情绪以嘲讽和幸灾乐祸为主（占比58%），反映出对日本政治独立性及反腐前景的深刻怀疑，同时暴露出部分网民对日本政情的认知模糊。,0,"[1, 0, 0, 0, 0, 0, 0, 0, 0, 0, 0, 0, 0, 0, 0, 0, 0, 0, 0, 0, 0, 0, 0, 0, 0, 0, 0, 0, 0, 0, 0, 0, 0, 0, 0, 0, 0, 0, 0, 0, 0, 0, 0, 0, 0, 0, 0, 0, 0, 0, 0, 0, 0, 0, 0, 0, 0, 0, 0, 0, 0, 0, 0, 0, 0, 0, 0, 0, 0, 0, 0, 0, 0, 0, 0, 0, 0, 0, 0, 0, 0, 0, 0, 0, 0, 0, 0, 0, 0, 0, 0, 0, 0, 0, 0, 0, 0, 0, 0, 0, 0, 0, 0, 0, 0, 0, 0, 0, 0, 0, 0, 0, 0, 0, 0, 0, 0, 0, 0, 0, 0, 0, 0, 0, 0, 0, 0, 0, 0, 0, 0, 0, 0, 0, 0, 0, 0, 0, 0, 0, 0, 0, 0, 0, 0, 0, 0, 0, 0, 0, 0, 0, 0, 0, 0, 0, 0, 0, 0, 0, 0, 0, 0, 0, 0, 0, 0, 0, 0, 0, 0, 0, 0, 0, 0, 0, 0, 0, 0, 0, 0, 0, 0, 0, 0, 0, 0, 0, 0, 0, 0, 0, 0, 0, 0, 0, 0, 0, 0, 0, 0, 0, 0, 0, 0, 0, 0, 0, 0, 0, 0, 0, 0, 0, 0, 0, 0, 0, 0, 0, 0, 0, 0, 0, 0, 0, 0, 0, 0, 0, 0, 0, 0, 0, 0, 0, 0, 0, 0, 0, 0, 0, 0, 0, 0, 0, 0, 0, 0, 0, 0, 0, 0, 0, 0, 0, 0, 0, 0, 0, 0, 0, 0, 0, 0, 0, 0, 0, 0, 0, 0, 0, 0, 0, 0, 0, 0, 0, 0, 0, 0, 0, 0, 0, 0, 0, 0, 0, 0, 0, 0, 1, 0, 0, 0, 0, 0, 0, 0, 0, 0, 0, 0, 0, 0, 0, 0, 0, 0, 0, 0, 0, 0, 0, 0, 0, 0, 0, 0, 0, 0, 0, 0, 0, 0, 0, 0, 0, 0, 0, 0, 0, 0, 0, 1, 0, 0, 0, 0, 0, 0, 0, 0, 0, 0, 0, 0, 0, 0, 0, 0, 0, 0, 0, 0, 0, 0, 0, 0, 0, 0, 0, 0, 0, 0, 0, 0, 0, 0, 0, 0, 0, 0, 0, 0, 0, 0, 0, 0, 0, 0, 0, 0, 0, 0, 0, 0, 0, 0, 0, 0, 0, 0, 0, 0, 0, 0, 0, 0, 0, 0, 0, 0, 0, 0, 0, 0, 0, 0, 0, 0, 0, 0, 0, 0, 0, 0, 0, 0, 0, 0, 0, 0, 0, 0, 0, 0, 0, 0, 0, 0, 0, 0, 0, 0, 0, 0, 0, 0, 0, 0, 0, 0, 0, 0, 0, 0, 0, 0, 0, 0, 0, 0, 0, 0, 0, 0, 0, 0, 0, 0, 0, 0, 0, 0, 0, 0, 0, 0, 0, 0, 0, 0, 0, 0, 0, 0, 0, 0, 0, 0, 0, 0, 0, 0, 0, 0, 0, 0, 0, 0, 0, 0, 0, 0, 0, 0, 0, 0, 0, 0, 0, 0, 0, 0, 0, 0, 0, 0, 0, 0, 0, 0, 0, 0, 0, 0, 0, 0, 0, 0, 0, 0, 0, 0, 0, 0, 0, 0, 0, 0, 0, 0, 0, 0, 0, 0, 0, 0, 0, 0, 0, 0, 0, 0, 0, 0, 0, 0, 0, 0, 0, 0, 0, 0, 0, 0, 0, 0, 0, 0, 0, 0, 0, 0, 0, 0, 0, 0, 0, 0, 0, 0, 0, 0, 0, 0, 0, 0, 0, 0, 0, 0, 0, 0, 0, 0, 0, 0, 0, 0, 0, 0, 0, 0, 0, 0, 0, 0, 0, 0, 0, 0, 0, 0, 0, 0, 0, 0, 0, 0, 0, 0, 0, 0, 0, 0, 0, 0, 0, 0, 0, 0, 0, 1, 0, 0, 0, 2, 1, 0, 0, 0, 0, 2, 1, 1, 0, 0, 0, 0, 0, 0, 0, 1, 0, 1, 3, 0, 0, 0, 0, 0, 0, 1, 0, 0, 0, 0, 0, 1, 0, 0, 0, 0, 0, 0, 0, 1, 0, 0, 0, 0, 0, 0, 0, 0, 0, 0, 0, 0, 1, 0, 0, 0, 0, 0, 0, 0, 0, 0, 0, 0, 0, 0, 0, 0, 0, 0, 0, 0, 0, 0, 0, 0, 0, 0, 0, 0, 0, 0, 0, 0, 0, 0, 0, 0, 0, 0, 0, 0, 0, 0, 0, 0, 0, 0, 0, 0, 0, 1, 0, 0, 0, 0, 0, 0, 0, 0, 0, 0, 0, 0, 0, 0, 0, 0, 0, 0, 0, 0, 0, 0, 0, 0, 0, 0, 0, 0, 0, 0, 0, 0, 0, 0, 0, 0, 0, 0, 0, 0, 0, 52, 48, 32, 11, 0, 0, 0, 4, 6, 7, 5]"
女子玩切水果游戏1个月瘦10斤_最终事件描述,"女子玩切水果游戏1个月瘦10斤事件在曝光后迅速引发热议，整体呈现“爆发式关注—争议分化—持续发酵”的传播轨迹。  

**初期（1-12小时）**：舆论高度积极，多数网友惊叹其“轻松瘦身”效果，关键词聚焦“尝试”“流行”，体感游戏被塑造成趣味减肥新方式，仅少数人质疑真实性。  

**中期（13-15小时）**：讨论趋于两极，一方面用户积极追问游戏信息（如“天天跳绳”）、分享体验（“出汗”“手臂酸”），推动“猎奇-行动”链条；另一方面质疑声增强，涉及效果归因（是否需配合饮食）、广告嫌疑及健康风险（腱鞘炎）。  

**后期（16小时）**：热度持续，核心矛盾集中在减肥真实性与游戏实用性，但娱乐性吸引大量尝试意愿，形成“质疑与体验并存”的舆论场。整体来看，事件通过“新奇性+争议性”维持传播动能，既反映公众对健康轻运动的兴趣，也暴露对营销套路的敏感。",0,"[0, 0, 0, 1, 0, 0, 0, 0, 0, 0, 0, 0, 6, 12, 5, 28]"
赵露思取关_最终事件描述,"**赵露思取关事件总述**  
事件始于赵露思全平台取关合作对象的行为，初期舆论两极分化：部分网友批评其“不体面”“用完即弃”，粉丝则强调“账号自由”。随后争议迅速升级，焦点从取关行为本身转向对饭圈文化、热搜动机的质疑。大量声音认为该事件被用作转移“喜塔腊容音”（虞书欣涉网暴）等社会议题的“挡箭牌”，质疑资本操控热搜。粉丝持续维护，提及赵露思抑郁症及解约传闻，呼吁减少恶意解读；反对者则抨击其“炒作”“占用公共资源”，并关联外貌变化等无关话题。中期舆论逐渐疲态，衍生对网络暴力、明星隐私权的讨论，但情绪化对立（粉丝与黑粉冲突）仍主导。后期事件热度虽持续，实质性进展有限，核心矛盾已从个体行为扩散至对娱乐生态畸形（如营销号操控、饭圈互撕）的批判。整体呈现“行为争议—动机质疑—生态反思”的演变路径，反映出公众对明星隐私边界与网络暴力的复杂态度。（199字）",1,"[1, 0, 0, 0, 0, 0, 0, 0, 0, 0, 0, 0, 0, 0, 38, 72, 39, 50, 134, 150, 172, 233, 320, 200, 156, 83, 42, 17, 13, 26, 48, 67, 96, 109, 296, 463, 602, 421, 34]"
山西阴阳面_最终事件描述,"**山西阴阳面事件总述**  
事件始于游客曝光面馆“同面不同价”（11元与15元），初期引发“宰客”质疑，但舆论迅速反转。多数观点认为11元加料面定价合理，矿工优惠体现人情关怀，指责游客恶意剪辑炒作。争议焦点从价格合理性转向地域资源矛盾，山西、四川等省网民借机宣泄对“资源外送、本地高价”的不满，形成“山河四省”声援浪潮。中期舆论分化：支持者强调山西贡献与矿工艰辛，反对者则质疑优惠透明度，呼吁明码标价。后期事件核心演变为对博主动机的批判（蹭流量、地域黑），官方处罚后，多数声音认为应“翻篇”，但地域情绪持续发酵，担忧影响山西旅游形象。整体趋势呈现从消费纠纷到地域身份认同的升级，最终以理性规范呼吁与情绪化对立并存收尾。（199字）",1,"[6, 1, 2, 0, 0, 0, 0, 0, 0, 0, 0, 0, 0, 0, 0, 0, 0, 0, 0, 0, 0, 0, 0, 0, 0, 0, 0, 0, 0, 0, 0, 0, 0, 0, 0, 0, 0, 0, 0, 0, 0, 0, 0, 0, 21, 17, 12, 17, 4, 1, 1, 0, 2, 15, 15, 19, 16, 19, 19, 18, 27, 9, 6, 17, 12, 12, 14, 3, 7, 3, 3, 2, 2, 1, 4, 2, 1, 2, 3, 3, 3, 3, 0, 1, 1, 2, 0, 4, 2, 4, 6, 2, 1, 3, 2, 2, 0, 2, 1, 0, 0, 0, 3, 14, 51, 66, 96, 28, 9, 9, 9, 10, 14, 14, 9, 10, 4, 2, 2, 4, 2, 2, 0, 0, 1, 3, 3, 1, 2, 3, 1, 2, 1, 2, 0, 0, 1, 1, 0, 2, 0, 0, 3, 0, 0, 2, 1, 0, 0, 2, 0, 1, 1, 0, 2, 0, 0, 1, 1, 1, 0, 1, 0, 0, 0, 1, 0, 1, 0, 0, 0, 0, 0, 0, 1, 0, 0, 2, 0, 0, 1, 0, 0, 0, 0, 1, 0, 0, 0, 0, 0, 0, 0, 0, 0, 0, 0, 0, 0, 0, 1, 0, 1, 0, 0, 0, 0, 1, 0, 0, 0, 0, 0, 0, 0, 0, 0, 0, 0, 0, 0, 0, 0, 0, 0, 0, 0, 0, 1, 0, 0, 0, 0, 0, 0, 0, 1, 0, 0, 0, 0, 0, 0, 0, 0, 0, 0, 0, 0, 0, 0, 1, 0, 0, 0, 0, 0, 0, 0, 0, 1, 0, 1, 0, 4, 15, 6, 11, 28, 4, 72, 38, 13, 19, 30, 26, 18, 14, 19, 23, 23, 22, 18, 11, 16, 24, 15, 11, 6, 2, 0, 1, 4, 4, 8, 8, 8, 8, 9, 2, 2, 2, 2, 2, 6, 6, 5, 9, 14, 6, 10, 4, 2, 2, 1, 3, 2, 1, 7, 4, 2, 5, 9, 15, 4, 6, 6, 7, 8, 3, 3, 5, 12, 7, 5, 1, 1, 1, 0, 0, 1, 3, 1, 5, 4, 1, 7, 4, 5, 3, 3, 5, 1, 4, 6, 6, 4, 8, 0, 0, 2, 1, 2, 0, 0, 3, 2, 2, 4, 2, 1, 8, 2, 4, 3, 15, 12, 7, 0, 0, 0, 0, 1, 0, 1]"
女代驾_最终事件描述,"**女代驾事件舆情总述**  
事件起因于纹身男子当警察面暴力殴打女代驾（含吐痰、踢头等恶劣行为），现场视频片段引发全网愤慨。舆论初期呈现两极分化：多数声音强烈谴责施暴者，要求严惩并质疑其社会背景；少数质疑视频完整性或推测女代驾挑衅。随着时间推移，争议焦点逐渐集中：1. **暴力与执法争议**：警方在场未有效制止、吐痰细节等加剧公权力信任危机，刑拘决定后仍质疑量刑过轻；2. **地域标签化**：涉事者东北口音、纹身等特征引发地域攻击，上海与青岛类似案件对比强化司法公正性质疑；3. **性别与行业安全**：性别对立言论穿插，代驾女性从业风险受关注。事件中后期，舆论从暴力谴责转向对司法实践（如取保候审合理性、互殴定性）的广泛争议，并与唐山/青岛等事件关联，形成对治安与法律执行力的集体焦虑。整体呈现愤怒主导、标签化扩散、对比性反思的三阶段特征，最终指向社会对暴力零容忍与执法公信的深层诉求。（199字）",1,"[4, 2, 12, 40, 164, 258, 2, 0, 0, 0, 0, 5, 21, 14, 19, 18, 18, 13, 7, 16, 18, 12, 9, 3, 0, 6, 3, 8, 8, 16, 7, 18, 17, 9, 9, 8, 6, 5, 8, 3, 2, 5, 4, 7, 5, 8, 4, 6, 1, 3, 3, 2, 4, 6, 1, 2, 8, 4, 4, 2, 5, 3, 3, 0, 2, 1, 2, 4, 1, 3, 0, 5, 4, 3, 7, 3, 1, 2, 8, 10, 6, 3, 7, 3, 2, 0, 1, 0, 0, 0, 0, 0, 0, 0, 1, 2, 0, 0, 2, 1, 0, 1, 0, 2, 2, 0, 1, 1, 0, 1, 0, 0, 0, 0, 0, 0, 0, 1, 0, 1, 1, 0, 0, 1, 0, 2, 0, 0, 0, 0, 0, 0, 0, 0, 0, 0, 0, 0, 0, 1, 0, 0, 2, 1, 0, 2, 0, 0, 1, 0, 0, 4, 1, 1, 0, 1, 0, 1, 1, 0, 0, 0, 0, 0, 0, 0, 0, 1, 0, 1, 1, 0, 1, 1, 0, 0, 0, 0, 0, 1, 0, 0, 0, 0, 0, 0, 0, 0, 0, 1, 1, 0, 0, 0, 0, 0, 0, 0, 0, 0, 0, 0, 0]"
东北雨姐_最终事件描述,"**东北雨姐事件总述**  
该事件始于打假博主质疑其带货商品（红薯粉掺木薯粉、假大鹅等）质量问题，迅速演变为涉及商业诚信、暴力冲突与地域标签的复合型舆情。初期舆论两极分化：支持者维护其“真实豪爽”形象，质疑打假方动机；反对者则指控其售假、人设造假及团队暴力倾向（如“黑社会”标签）。随着事件发酵，核心矛盾从产品质量转向对网红经济乱象的集体反思，公众质疑其“家人们”话术、剧本化表演及避重就轻的回应。中期警方介入后，双方和解但未能平息争议，舆论焦点延伸至职业打假合法性、消费者维权困境及地域刻板印象（如“东北形象”争议）。后期负面情绪主导，嘲讽其“卖惨公关”，要求平台与监管介入的呼声高涨。整体呈现从个体打假事件升级为对直播带货生态信任危机的公共讨论，凸显网红经济中诚信缺失、监管漏洞与公众情绪的对立。",1,"[14, 16, 18, 17, 30, 37, 22, 20, 29, 42, 57, 69, 53, 36, 31, 26, 29, 16, 14, 8, 4, 1, 7, 10, 4, 15, 8, 8, 9, 13, 12, 8, 5, 9, 12, 12, 14, 15, 16, 19, 16, 11, 12, 6, 2, 1, 3, 10, 10, 26, 24, 21, 39, 36, 27, 31, 18, 252, 143, 173, 35, 2, 1, 0, 0, 30, 62, 58, 31, 0, 3, 3, 10, 8, 2, 3, 1, 3, 1, 4, 18, 34, 31, 63, 92, 46, 33, 17, 9, 4, 3]"
三只羊被立案调查_最终事件描述,三只羊被立案调查事件始于其直播带货的“美诚月饼”涉嫌虚假宣传（如冒充香港品牌、价格虚高），迅速引发舆论对产品质量和直播套路的广泛质疑。初期舆论以嘲讽为主，指责其“割韭菜”模式，并关联行业乱象。随着调查推进，负面情绪持续升级，焦点从月饼问题扩展到过往劣迹（如淋巴肉、劣质产品）、高额抽成及洗钱嫌疑，同时质疑地方保护主义和监管缺位。中期舆论呈现两极分化，少量辩护声音强调就业贡献，但主流呼吁严惩，并反思直播生态的畸形发展（虚假宣传、暴利压榨）。后期讨论转向系统性批判，消费者对行业信任崩塌，戏谑化表达（如“家人梗”）凸显无奈情绪。尽管复播迹象出现，公众仍对处罚力度和整改效果持悲观态度，事件最终从个案争议演变为对网红经济乱象的集体声讨，监管压力显著增大。（199字）,1,"[1, 0, 0, 0, 2, 1, 0, 0, 0, 0, 0, 0, 0, 0, 1, 2, 1, 0, 0, 0, 0, 0, 0, 0, 1, 0, 0, 0, 0, 0, 0, 0, 0, 0, 0, 0, 0, 0, 0, 0, 0, 0, 1, 0, 1, 25, 1, 52, 3, 1, 15, 2, 3, 28, 7, 11, 17, 10, 15, 3, 2, 32, 10, 13, 45, 21, 7, 29, 11, 5, 30, 27, 24, 29, 20, 13, 9, 10, 5, 4, 9, 0, 1, 2, 6, 6, 5, 5, 10, 3, 4, 9, 3, 10, 3]"
门童海外粉丝怒骂中粉_最终事件描述,"**门童海外粉丝怒骂中粉事件总描述**  

事件始于泰国突发灾害后，中粉强烈谴责偶像团队及主办方未及时预警、优先撤离艺人却漠视粉丝安全，引发对“弹性关怀”的双标质疑（如海外粉丝获安抚而中粉被忽视）。矛盾迅速升级为跨国粉丝对立：海外粉丝（主要为韩粉）被批“共情缺失”，反指责中粉“无理取闹”，双方围绕偶像责任、生命安全及经济贡献展开骂战。中粉情绪从愤怒转向集体抵制，呼吁脱粉、抵制中输，并翻旧账（如AI换脸事件）反讽韩粉“忘本”。随着失联粉丝信息扩散，争议从具体事件演变为文化对立，地域攻击（如“棒子”“舔狗”）和极端言论激增，理性讨论空间彻底压缩。最终，冲突焦点从安全责任争议升级为韩娱生态批判，中粉普遍强调“限韩令”合理性，事件彻底滑向国籍对抗与产业抵制。（198字）",1,"[1, 0, 29, 21, 38, 61, 86, 353, 227, 0]"
李嘉诚要卖43个港口给美国企业_最终事件描述,"李嘉诚计划出售43个港口给美国企业的事件在14小时内引发舆论持续发酵，呈现以下发展脉络：  
**初期（1-9小时）**，舆论两极分化，负面情绪为主，部分网民斥责其“奸商”“损害国家利益”，另一部分主张商业自由。**中期（10-12小时）**，民族主义情绪主导，质疑升级为“卖国”“威胁国家安全”，加拿大籍身份和公摊面积等历史争议被反复提及，外交部回应加剧讨论。**后期（13-14小时）**，官方表态（如港澳办“营商不顾国家利益”）强化批判，舆论进一步极化，多数声音要求政府干预，少数理性分析被淹没。  

整体趋势显示：事件从商业争议快速演变为涉及国家安全与民族情感的公共议题，情绪化标签和阴谋论扩散，理性讨论空间被压缩，反映出公众对资本外流与地缘政治的敏感焦虑。",1,"[2, 0, 0, 0, 0, 0, 0, 3, 0, 26, 34, 38, 77, 62]"
男童输液后死亡医院承认修改病例_最终事件描述,"**事件总描述：**  
男童输液后死亡事件持续引发舆论风暴，核心矛盾围绕医院篡改病历的诚信危机与医疗责任争议。事件初期（1-798小时），舆论聚焦病历篡改、用药规范（如头孢皮试政策）、低热输液合理性及家属维权困境，公众情绪从质疑迅速升级为愤怒，矛头直指基层医疗乱象与监管缺失。随着时间推移（799-804小时），舆情持续发酵，呈现三大特征：一是对涉事医院的强烈谴责，要求严惩责任人并完善电子病历等防篡改机制；二是对医疗体系系统性不信任加深，关联到过度治疗、过敏抢救等普遍问题，医患矛盾进一步激化；三是公众情绪高度极化，大量极端言论与类似医疗事故案例的分享加剧恐慌，同时迫切呼吁彻查死因与追责。整体来看，事件已从个案争议演变为对医疗透明度和患者权益保障的广泛质疑，折射出深层次的医患信任危机。",0,"[0, 0, 0, 0, 0, 0, 0, 0, 0, 0, 0, 0, 0, 0, 0, 0, 0, 0, 0, 0, 0, 0, 0, 0, 0, 0, 0, 0, 0, 0, 1, 0, 0, 0, 0, 1, 0, 0, 0, 0, 1, 0, 0, 0, 0, 0, 0, 1, 0, 1, 0, 0, 0, 0, 1, 0, 0, 0, 0, 0, 0, 0, 0, 0, 0, 0, 0, 0, 0, 0, 0, 0, 0, 0, 0, 0, 1, 1, 0, 0, 0, 0, 0, 0, 0, 0, 0, 0, 0, 0, 0, 0, 0, 0, 0, 0, 0, 0, 0, 0, 1, 0, 0, 0, 0, 0, 0, 0, 0, 0, 0, 0, 0, 0, 0, 0, 0, 0, 0, 0, 0, 0, 0, 0, 0, 0, 1, 0, 0, 1, 1, 1, 2, 1, 0, 0, 0, 0, 0, 1, 1, 1, 0, 2, 1, 1, 0, 0, 0, 1, 0, 0, 0, 0, 0, 0, 0, 0, 0, 0, 0, 0, 0, 0, 0, 0, 0, 0, 0, 0, 0, 0, 0, 0, 0, 0, 0, 0, 0, 0, 0, 0, 0, 0, 0, 0, 0, 0, 0, 0, 0, 0, 0, 0, 0, 0, 0, 0, 0, 0, 0, 0, 0, 0, 0, 0, 0, 0, 0, 0, 0, 0, 0, 0, 0, 0, 0, 0, 0, 0, 0, 0, 0, 0, 0, 0, 0, 0, 0, 0, 0, 0, 0, 0, 0, 0, 0, 0, 0, 0, 0, 0, 0, 0, 0, 0, 0, 0, 0, 0, 0, 0, 0, 0, 0, 0, 0, 0, 0, 0, 0, 0, 0, 0, 0, 0, 0, 0, 0, 0, 0, 0, 0, 0, 0, 0, 0, 0, 0, 0, 0, 0, 0, 0, 0, 0, 0, 0, 0, 0, 0, 0, 0, 0, 0, 0, 0, 0, 0, 0, 0, 0, 0, 0, 0, 0, 0, 0, 0, 0, 0, 0, 0, 0, 0, 0, 0, 0, 0, 0, 0, 0, 0, 0, 0, 0, 0, 0, 0, 0, 0, 0, 0, 0, 0, 0, 0, 0, 0, 0, 0, 0, 0, 0, 0, 0, 0, 0, 0, 0, 0, 0, 0, 0, 0, 0, 0, 0, 0, 0, 0, 0, 0, 0, 0, 0, 0, 0, 0, 0, 0, 0, 0, 0, 0, 0, 0, 0, 0, 0, 0, 0, 0, 0, 0, 0, 0, 0, 0, 0, 0, 0, 0, 0, 0, 0, 0, 0, 0, 0, 0, 0, 0, 0, 0, 0, 0, 0, 0, 0, 0, 0, 0, 0, 0, 0, 0, 0, 0, 0, 0, 0, 0, 0, 0, 0, 0, 0, 0, 0, 0, 0, 0, 0, 0, 0, 0, 0, 0, 0, 0, 0, 0, 0, 0, 0, 0, 0, 0, 0, 0, 0, 0, 0, 0, 0, 0, 0, 0, 0, 0, 0, 0, 0, 0, 0, 0, 0, 0, 0, 0, 0, 0, 0, 0, 0, 0, 0, 0, 0, 0, 0, 0, 0, 0, 0, 0, 0, 0, 0, 0, 0, 0, 0, 0, 0, 0, 0, 0, 0, 0, 0, 0, 0, 0, 0, 0, 0, 0, 0, 0, 0, 0, 0, 0, 0, 0, 0, 0, 0, 0, 0, 0, 0, 0, 0, 0, 0, 0, 0, 0, 0, 0, 0, 0, 0, 0, 0, 0, 0, 0, 0, 0, 0, 0, 0, 0, 0, 0, 0, 0, 0, 0, 0, 0, 0, 0, 0, 0, 0, 0, 0, 0, 0, 0, 0, 0, 0, 0, 0, 0, 0, 0, 0, 0, 0, 0, 0, 0, 0, 0, 0, 0, 0, 0, 0, 0, 0, 0, 0, 0, 0, 0, 0, 0, 0, 0, 0, 0, 0, 0, 0, 0, 0, 0, 0, 0, 0, 0, 0, 0, 0, 0, 0, 0, 0, 0, 0, 0, 0, 0, 0, 0, 0, 0, 0, 0, 0, 0, 0, 0, 0, 0, 0, 0, 0, 0, 0, 0, 0, 0, 0, 0, 0, 0, 0, 0, 0, 0, 0, 0, 0, 0, 0, 0, 0, 0, 0, 0, 0, 0, 0, 0, 0, 0, 0, 0, 0, 0, 0, 0, 0, 0, 0, 0, 0, 0, 0, 0, 0, 0, 0, 0, 0, 0, 0, 0, 0, 0, 0, 0, 0, 0, 0, 0, 0, 0, 0, 0, 0, 0, 0, 0, 0, 0, 0, 0, 0, 0, 0, 0, 0, 0, 0, 0, 0, 0, 0, 0, 0, 0, 0, 0, 0, 0, 0, 0, 0, 0, 0, 0, 0, 0, 0, 0, 0, 0, 0, 0, 0, 0, 0, 0, 0, 0, 0, 0, 0, 0, 0, 0, 0, 0, 0, 0, 0, 0, 0, 0, 0, 0, 0, 0, 0, 0, 0, 0, 0, 0, 0, 0, 0, 0, 0, 0, 0, 0, 0, 0, 0, 0, 0, 0, 0, 0, 0, 0, 0, 0, 0, 2, 0, 0, 0, 0, 0, 0, 1, 2, 1, 1, 25, 42, 7]"
高铁站女童坐行李箱摔下后昏迷_最终事件描述,"高铁站女童坐行李箱摔下昏迷事件在24小时内引发广泛关注，舆论呈现明显的阶段性演变。  
**初期（1-10小时）**，舆论焦点集中于家长监护责任，多数批评其疏忽（如未扶稳行李箱），同时猜测事故原因（瞌睡或意识问题），情绪以担忧为主，兼有对儿童安全的警示。  
**中期（11小时）**，舆论进一步固化“家长全责”的共识，强调坐行李箱的高风险性，并呼吁使用更安全的替代品（如折叠椅）。部分网民担忧家长推责给高铁站，但主流观点明确反对“讹诈”行为。  
**后期（12-15小时）**，随着女童脱离危险，舆论转向安全反思与事件总结。铁路警方借机提醒公众避免类似危险行为，而情绪分化为对女童的祝福与对家长的持续批评，少数极端言论出现。  
**整体趋势**：事件从个案讨论升级为公共安全议题，舆论核心始终围绕监护责任，同时折射出对“推责文化”的敏感与社会安全意识不足的反思。",0,"[1, 0, 1, 1, 0, 1, 0, 0, 0, 0, 5, 4, 2, 1, 0, 0]"
湖南文理学院副教授出轨女学生_最终事件描述,"湖南文理学院副教授出轨女学生事件在曝光后迅速发酵，舆论呈现阶段性演变：  
**初期（1-112小时）**，舆论聚焦道德批判与权力不对等，谴责教师失德的同时衍生出对高校生态（如待遇、监管）的反思，涉事女生所在农大被牵连，司法维权建议增多。  
**中期（113-114小时）**，校方停职涉事教师并立案调查，但被动应对引发质疑；争议转向“学术妲己”“学术纣王”等标签化争论，女生SCI论文及争议言论（如“睡一觉就好了”）成为新爆点，学术利益输送与性别对立苗头显现。  
**近期（115小时）**，原配公开维权推动事件升级，核心矛盾集中于师生不正当关系与学术腐败，公众强烈要求严惩并系统性整顿高校师德。  
**整体趋势**：从个体道德谴责转向对高校权力滥用、学术不端的结构性批判，舆情持续高热，校方公信力与后续处理成关键。  
（198字）",0,"[0, 0, 0, 0, 0, 0, 0, 0, 0, 0, 0, 0, 0, 0, 0, 0, 0, 0, 0, 0, 0, 1, 0, 0, 0, 0, 1, 1, 0, 0, 0, 0, 0, 0, 1, 0, 0, 0, 0, 1, 0, 1, 0, 0, 2, 0, 0, 0, 0, 0, 0, 0, 0, 0, 0, 0, 0, 0, 0, 0, 1, 0, 0, 0, 0, 1, 0, 0, 2, 2, 2, 1, 3, 1, 0, 0, 0, 0, 0, 1, 0, 0, 1, 2, 3, 1, 0, 1, 0, 1, 4, 2, 1, 0, 0, 2, 0, 1, 0, 0, 1, 0, 0, 0, 0, 2, 2, 1, 1, 0, 2, 0, 9, 145, 88]"
詹姆斯绝杀_最终事件描述,"**詹姆斯绝杀事件总描述：**  

詹姆斯压哨补篮绝杀引发全网热议，事件发展呈现典型的“爆发-争议-沉淀”趋势。**初期（1小时内）**，舆论以狂欢式赞美为主，球迷震撼于其“大心脏”表现，“GOAT”“牛逼”等情绪化表达刷屏，同时伴随对比赛过程的调侃（如“步行者背景板”）。**中期（后续几小时）**，讨论逐渐分化：部分人质疑湖人防守松散或绝杀含金量（“补篮不算绝杀”），但詹姆斯的生涯纪录（第8次压哨绝杀）和历史意义（湖人首次）成为反驳焦点，争议与赞美并存。**后期**，舆论趋于理性，焦点转向战术分析（如最后一攻布置）和球员表现对比，但绝杀的戏剧性仍占据主导，最终形成“高光时刻掩盖瑕疵”的共识。整体来看，事件从情绪爆发转向多维讨论，凸显詹姆斯作为话题人物的巨大影响力，绝杀本身成为球迷与黑粉交锋的载体，但竞技体育的经典性最终统一了舆论基调。  

（字数：198）",0,"[407, 0]"
男子嫌小孩推车进电梯慢将车扔出_最终事件描述,"**事件总述：**  
一起男子因嫌小孩推自行车进电梯缓慢而暴力扔车、踹电梯的事件引发持续十余天的舆论风暴。初期（1-243小时）舆论两极分化：多数谴责男子“恃强凌弱”“缺乏同理心”，少数理解其急躁但反对过激行为，同时引发对公共礼仪的讨论。随着视频扩散（244-253小时），舆论转向一边倒批判，焦点集中于三点：一是强烈谴责男子情绪失控、危害儿童安全，甚至衍生“非亲生”“骗保”等极端猜测；二是讽刺其行为逻辑荒诞（如“踢电梯加速”“越急越慢”），黑色幽默段子频出；三是延伸至家庭教育、社会公德等深层反思，质疑其育儿资格及暴力倾向。后期（254-367小时）热度未减，批判持续深化，网友通过表情包和反讽强化对男子的嘲讽，并普遍同情孩子处境，担忧其家庭环境。事件从单一冲突逐步升级为社会对情绪管理、亲子关系及公共素养的集体反思，整体呈现愤怒与讥讽交织的舆论态势。（199字）",0,"[0, 0, 0, 0, 0, 0, 0, 0, 3, 1, 2, 3, 11, 4, 2, 2, 2, 0, 1, 0, 0, 0, 0, 1, 0, 1, 0, 1, 4, 2, 3, 1, 0, 0, 0, 2, 0, 0, 0, 0, 0, 0, 0, 0, 0, 0, 0, 0, 1, 0, 0, 0, 0, 0, 0, 0, 0, 0, 0, 0, 0, 0, 0, 0, 0, 0, 0, 0, 0, 0, 0, 0, 0, 0, 0, 0, 0, 0, 0, 0, 0, 0, 0, 0, 0, 0, 0, 0, 0, 0, 0, 0, 0, 0, 0, 0, 0, 0, 0, 0, 0, 0, 0, 0, 0, 0, 0, 0, 0, 0, 0, 0, 0, 0, 0, 0, 0, 0, 0, 0, 0, 0, 0, 0, 0, 0, 0, 0, 0, 0, 0, 0, 0, 0, 0, 0, 0, 0, 0, 0, 0, 0, 0, 0, 0, 0, 0, 0, 0, 0, 0, 0, 0, 0, 0, 0, 0, 0, 0, 0, 0, 0, 0, 0, 0, 0, 0, 0, 0, 0, 0, 0, 0, 0, 0, 0, 0, 0, 0, 0, 0, 0, 0, 0, 0, 0, 0, 0, 0, 0, 0, 0, 0, 0, 0, 0, 0, 0, 0, 0, 0, 0, 0, 0, 0, 0, 0, 0, 0, 0, 0, 0, 0, 0, 0, 0, 0, 0, 0, 0, 0, 0, 0, 0, 0, 0, 0, 0, 0, 0, 0, 0, 0, 0, 0, 0, 0, 0, 0, 0, 0, 0, 0, 10, 2, 0, 0, 0, 0, 22, 67, 36, 14, 5, 6, 10, 3, 3, 3, 1, 1, 2, 4, 3, 10, 7, 10, 19, 7, 8, 4, 0, 1, 3, 3, 2, 3, 1, 0, 2, 1, 1, 1, 1, 0, 0, 0, 1, 1, 1, 1, 3, 2, 2, 0, 1, 2, 0, 2, 1, 0, 1, 2, 1, 0, 0, 0, 0, 0, 0, 0, 0, 0, 1, 0, 1, 0, 0, 0, 0, 2, 1, 1, 0, 1, 0, 1, 1, 0, 1, 0, 0, 0, 0, 0, 0, 0, 0, 0, 0, 1, 0, 0, 0, 1, 0, 1, 0, 1, 1, 1, 0, 1, 0, 0, 0, 0, 0, 1, 0, 0, 0, 1, 0, 0, 0, 0, 0]"
100斤女警穿70斤衣服排爆_最终事件描述,“100斤女警穿70斤衣服排爆”事件在曝光后迅速引发舆论高度关注，整体呈现从单一致敬向多元讨论的深化趋势。初期（第1小时）舆论高度聚焦女警热孜亚木·提来西的英勇形象，以“巾帼英雄”“用生命守护生命”等赞誉为主，强调女性力量与职业奉献，争议仅限个别对过度赞美的调侃。随着讨论发酵（第2小时），公众开始关注其身体负荷（体重与装备重量反差）与技术替代可能，形成“职业风险-人性光辉-科技伦理”的多维对话，但核心仍是对一线人员的集体共情。事件全程保持激昂正向基调，最终升华为对高危职业群体价值与社会防护机制的综合性思考，凸显公众对英雄主义叙事与务实关怀的双重需求。,0,"[0, 0, 0]"
柳智敏遭偷拍生气变脸_最终事件描述,柳智敏遭偷拍生气变脸事件在30小时内经历了明显的舆论演变。初期（1-2小时）以粉丝娱乐化调侃为主，伴随零星服装争议；3-7小时迅速转向愤怒声讨，焦点从艺人冷脸反应升级为对偷拍行为、公司服装安全及行业乱象的批判，粉丝发起人肉搜索并出现极端言论；8-12小时争议扩散，服装设计（短裙隐患）和运镜问题成为核心矛盾，同时出现娱乐化玩梗与性别议题讨论；13-24小时舆论两极分化，支持方强烈反对“受害者有罪论”，要求公司追责，争议方则质疑偷拍界定标准，伴随少量阴谋论；25小时后事件进入持续发酵期，讨论延伸至女性权益与行业规范，粉丝组织化施压公司（@SMTOWN），但官方始终未回应。整体呈现从个体事件到系统性批判的升级路径，情绪以愤怒、心疼为主导，后期逐渐融入社会议题讨论，反映出公众对艺人隐私与性别安全的持续关注。（199字）,1,"[0, 0, 3, 12, 18, 45, 33, 15, 11, 9, 3, 18, 19, 31, 27, 33, 41, 18, 7, 2, 2, 8, 10, 30, 171, 130, 24, 16, 6, 7, 2, 4, 3, 1, 1, 2, 3, 1, 0, 0, 0, 0, 1, 0, 1, 0, 0, 0, 1, 5, 3, 1, 2, 2, 0, 3, 0, 2, 0, 0, 0, 0, 0, 0, 0, 0, 0, 0, 0, 0, 0, 0, 0, 0, 0, 0, 1, 0, 3, 1, 0, 0, 1, 0, 1, 1, 0, 0, 0, 0, 0, 1, 0, 1, 0, 0, 1, 0, 0, 0, 0, 0, 1, 1, 0, 2, 0, 0, 0, 2, 0, 2, 0, 0, 1, 1, 1, 1, 0, 1, 1, 1, 3, 0, 1, 2, 2, 0, 0, 0, 0, 0, 0, 0, 0, 1, 1, 0, 1, 1, 1, 0, 1, 0, 1, 1, 1, 0, 0, 0, 0, 0, 0, 0, 0, 0, 0, 0, 0, 0, 1, 0, 0, 0, 0, 0, 0, 0, 0, 1, 0, 1, 0, 0, 0, 0, 0, 0, 0, 0, 0, 0, 0, 0, 0, 0, 0, 0, 0, 0, 0, 0, 0, 0, 0, 0, 0, 0, 0, 0, 0, 0, 0, 0, 0, 0, 0, 0, 0, 0, 0, 0, 0, 0, 0, 1, 0, 0, 0, 0, 0, 0, 0, 1, 0, 0, 0, 0, 0, 0, 0, 0, 0, 1, 0, 0, 0, 0, 0, 0, 0, 0, 0, 0, 0, 0, 0, 0, 0, 0, 0, 0, 0, 0, 0, 0, 0, 0, 1, 0, 0, 0, 0, 0, 0, 0, 0, 0, 0, 0, 0, 0, 0, 0, 0, 0, 0, 0, 0, 1, 0, 0, 0, 0, 0, 0, 0, 0, 0, 0, 0, 0, 0, 0, 0, 1, 0, 0, 0, 0, 0, 0, 0, 1, 0, 0, 0, 0, 0, 0, 0, 0, 1, 0, 0, 0, 0, 0, 0, 0, 0, 0, 0, 0, 0, 0, 1, 0, 1, 0, 0, 0, 0, 0, 0, 0, 0, 0, 0, 0, 0, 0, 0, 1, 0, 0, 0, 0, 0, 1, 0, 0, 0, 0, 0, 0, 0, 1, 0, 0, 0, 0, 0, 0, 0, 0, 0, 0, 0, 0, 0, 0, 0, 0, 0, 0, 0, 0, 0, 0, 0, 0, 0, 0, 0, 0, 0, 0, 0, 0, 1, 0, 0, 0, 0, 0, 0, 0, 0, 1, 0, 1, 0, 0, 0, 0, 0, 0, 0, 0, 0, 0, 0, 0, 1, 1, 0, 0, 0, 0, 0, 0, 0, 0, 0, 0, 0, 0, 0, 0, 0, 0, 2, 1, 3, 0]"
苹果软件涉黄_最终事件描述,"**苹果软件涉黄事件总述**  
事件曝光初期（1-4小时），用户迅速验证涉黄内容属实，揭露软件通过技术手段（如IP伪装）绕过苹果审核，舆论矛头直指审核漏洞，同时出现矛盾情绪（批评与调侃并存）。随后（5-10小时），争议升级：**审核机制失效**成为核心焦点，用户对比安卓生态，质疑苹果“封闭性”反而加剧问题；**情绪两极分化**，既有愤怒谴责（“抽成不办事”），也有猎奇求名或淡化处理；**平台对立**与行业普遍性问题被频繁提及，涉黄软件下架后，舆论转向对苹果整改的观望。  

中期（11-13小时），讨论扩散至网络安全、社会隐私等关联议题，**官方回应缺失**导致信息混乱，公众诉求从单一事件延伸至系统性监管。后期（14-22小时），**民族品牌情绪**升温，部分用户借机推崇国产手机，但整体仍以负面评价为主，认为苹果需为“长期监管失职”负责。事件从技术漏洞曝光逐步演变为对平台责任、行业乱象及用户信任危机的多维度反思。 （199字）",0,"[0, 0, 0, 0, 23, 10, 8, 4, 1, 5, 3, 2, 5, 3, 2, 1, 0, 0, 0, 0, 2, 1]"
抢车位吵架女子叫嚣是正军级_最终事件描述,"**事件总描述：**  
“抢车位吵架女子叫嚣是正军级”事件在120小时内持续发酵，舆论从个案纠纷迅速升级为对特权现象和权力滥用的集体声讨。初期，女子嚣张态度及自称“正军级”“司法局”的言论引发公愤，网民强烈质疑其身份真实性，并关联到对政法系统特权行为的批评（如“作威作福”“扫黑除恶”）。随着舆情发展，焦点转向对其职级矛盾（无随行人员、亲自抢车位）、伪造证件可能性的嘲讽，东北口音和“停职”处罚轻描淡写成为调侃热点。央媒介入后，官方表态转为“绝不姑息”，但网民持续追问调查结果，并衍生出对营商环境、非法医美等新爆料的讨论。事件后期，舆论核心演变为对权力透明与法治公平的诉求，公众情绪以讽刺（60%）、愤怒（25%）为主，官方回应与民间期待的反差进一步激化矛盾。整体呈现从身份争议到社会反思的深化趋势，折射出公众对特权行为的敏感及对制度公信力的期待。 （198字）",1,"[0, 0, 0, 0, 0, 0, 0, 0, 0, 0, 0, 0, 0, 0, 0, 0, 0, 0, 1, 0, 0, 0, 0, 0, 0, 0, 0, 0, 0, 0, 0, 0, 0, 0, 0, 0, 0, 0, 0, 0, 0, 0, 0, 0, 0, 0, 0, 0, 0, 0, 0, 0, 1, 0, 0, 0, 0, 0, 0, 0, 0, 0, 0, 0, 0, 0, 0, 0, 0, 0, 0, 0, 0, 0, 0, 0, 0, 0, 0, 0, 0, 0, 0, 0, 0, 0, 0, 0, 0, 0, 0, 0, 0, 2, 0, 0, 1, 3, 1, 1, 0, 0, 1, 0, 0, 2, 0, 0, 0, 0, 0, 3, 3, 11, 42, 62, 56, 82, 144, 170, 154]"
黄子韬宣布做卫生巾_最终事件描述,黄子韬宣布进军卫生巾行业后，舆论在15小时内呈现从爆发式支持到理性讨论的演变趋势。事件初期（1-5小时），粉丝及路人情绪高涨，以“感动”“真男人”等标签形成一边倒支持，大量用户通过表情符号和购买承诺表达对其打破性别偏见的认可，并关联其过往诚信行为强化正面形象。中期（6-10小时），支持声浪持续主导，产品未出即获情感背书，但开始出现对市场风险、价格敏感度的谨慎提醒。后期（11-15小时），舆论分化加剧，核心争议围绕“男性主导女性健康产品”的合理性及商业可行性，但支持者仍占主流，通过强调社会责任感、关联徐艺洋形象及女性健康痛点，将事件上升至性别议题与社会价值讨论。整体呈现“明星人设强化—产品期待—社会议题共鸣”的三阶段传播路径，最终形成以积极评价为主、兼具理性思辨的舆论场。,0,"[0, 5, 29, 21, 12, 5, 2, 0, 1, 0, 4, 10, 3, 28, 0]"
95后国企干部为伪装贪腐借贷生活_最终事件描述,"该事件曝光后，舆论迅速聚焦于涉事95后干部（27岁任国企总经理）的年轻身份与贪腐金额（200余万）的强烈反差，呈现以下发展脉络：  
**初期（1-3小时）**，公众以震惊和质疑为主，嘲讽其“火箭晋升”与“贪得无厌”，代际对比（如同龄人自嘲“打螺丝”）凸显社会焦虑。  
**中期（4-12小时）**，讨论转向系统性腐败，质疑其“背锅”“替罪羊”身份，关联成都国企生态（如香投集团），推测背后存在权力网络，同时争议量刑标准（判5年罚30万）是否过轻。  
**后期（13-22小时）**，舆论持续发酵，焦点集中于晋升背景（“关系户”猜测）、贪腐手法（借贷伪装）及制度漏洞，情绪两极分化——既有讽刺（“4年赚200万值”），也有对国企用人机制的深层反思。整体呈现从个案猎奇到体制批判的升级，反映公众对年轻干部腐败的敏感与对系统性监督缺失的担忧。",1,"[0, 7, 8, 16, 14, 13, 2, 5, 2, 6, 7, 17, 26, 21, 33, 37, 28, 29, 25, 100, 68, 53, 25]"
24-5lululemon代工厂号称自家平替能以假乱真_最终事件描述,"**事件总述：**  
24-5 lululemon代工厂“平替”争议事件持续发酵，舆论呈现明显的两极分化与阶段性演变。初期（1-741小时），消费者对低价高仿需求激增，围绕“面料相同”“性价比”展开争论，同时质疑代工厂货源真实性及灰色产业链。中期（742-769小时），争议焦点转向技术壁垒与品牌溢价合理性，支持方以实测部分产品（如legging）接近正品为由推崇平替，反对方则强调剪裁、舒适度差异及知识产权风险。后期（770-1091小时），讨论趋于理性化，消费者分层明显：部分转向迪卡侬、MAIAACTIVE等替代品牌，另一部分坚持正品不可替代，但整体对品牌高溢价和品控问题（如起球、掉色）的批评加剧。事件折射出消费降级趋势下，实用主义与品牌价值的深层冲突，同时暴露仿制产业链泛滥与行业道德争议。最终，市场对高性价比产品的需求持续旺盛，而品牌信任度与溢价合理性成为长期争议焦点。（199字）",1,"[0, 0, 0, 0, 0, 0, 0, 0, 0, 0, 0, 0, 0, 0, 0, 0, 0, 0, 0, 0, 1, 0, 0, 0, 0, 0, 0, 0, 0, 0, 0, 0, 0, 0, 1, 0, 0, 0, 0, 0, 0, 0, 0, 0, 0, 0, 0, 0, 0, 0, 0, 0, 0, 0, 0, 0, 0, 0, 0, 0, 0, 0, 0, 0, 0, 0, 0, 1, 0, 0, 1, 0, 0, 0, 0, 0, 0, 0, 0, 0, 0, 0, 1, 0, 1, 0, 0, 0, 0, 0, 0, 0, 0, 0, 0, 0, 0, 0, 0, 0, 0, 0, 0, 0, 0, 0, 0, 0, 0, 0, 0, 0, 0, 0, 0, 0, 0, 0, 0, 0, 0, 0, 0, 0, 0, 0, 0, 0, 0, 0, 0, 0, 0, 1, 0, 1, 0, 0, 0, 0, 0, 0, 1, 0, 0, 0, 0, 0, 0, 0, 0, 0, 0, 0, 0, 0, 0, 0, 1, 0, 0, 1, 0, 0, 0, 0, 0, 0, 0, 0, 0, 0, 0, 0, 0, 0, 1, 0, 0, 0, 0, 1, 0, 0, 0, 0, 0, 0, 0, 0, 0, 0, 0, 0, 0, 0, 0, 0, 0, 0, 0, 0, 0, 0, 0, 0, 0, 1, 0, 0, 0, 0, 0, 0, 0, 0, 0, 0, 0, 0, 0, 0, 0, 0, 0, 0, 0, 0, 0, 0, 1, 0, 0, 0, 0, 0, 0, 0, 1, 0, 0, 0, 0, 0, 0, 0, 0, 0, 0, 0, 0, 0, 0, 0, 0, 0, 0, 0, 0, 0, 0, 0, 1, 0, 0, 0, 0, 0, 0, 0, 0, 0, 0, 0, 0, 0, 0, 1, 0, 0, 0, 0, 0, 0, 0, 0, 0, 0, 0, 0, 0, 0, 0, 0, 0, 0, 0, 0, 0, 0, 0, 0, 0, 0, 1, 0, 0, 0, 0, 0, 0, 0, 0, 0, 0, 0, 0, 0, 0, 0, 0, 0, 0, 1, 0, 0, 1, 1, 0, 0, 0, 0, 0, 1, 0, 1, 0, 0, 0, 0, 0, 0, 0, 0, 0, 0, 0, 0, 0, 0, 0, 0, 0, 0, 0, 0, 0, 0, 0, 1, 0, 0, 0, 0, 0, 0, 0, 0, 0, 1, 0, 0, 0, 0, 0, 0, 0, 0, 0, 0, 0, 0, 0, 1, 0, 0, 0, 0, 0, 0, 0, 0, 0, 0, 0, 0, 0, 0, 0, 0, 0, 0, 0, 0, 0, 0, 0, 0, 0, 0, 0, 0, 0, 0, 0, 0, 0, 0, 0, 0, 0, 0, 0, 1, 0, 0, 0, 0, 0, 0, 0, 0, 0, 0, 0, 0, 0, 0, 0, 0, 0, 0, 0, 0, 0, 0, 0, 0, 0, 0, 0, 0, 0, 0, 0, 0, 0, 0, 0, 0, 0, 0, 0, 0, 0, 0, 0, 0, 0, 0, 0, 0, 0, 1, 0, 0, 0, 0, 0, 0, 0, 0, 0, 0, 0, 0, 0, 0, 0, 0, 0, 0, 0, 0, 0, 1, 0, 0, 0, 0, 0, 0, 0, 0, 0, 0, 0, 0, 0, 0, 0, 0, 0, 0, 0, 0, 0, 0, 0, 0, 0, 0, 0, 0, 0, 0, 0, 0, 0, 0, 0, 0, 0, 0, 0, 0, 0, 0, 0, 0, 0, 0, 0, 0, 0, 0, 0, 0, 0, 0, 0, 0, 0, 0, 0, 0, 0, 0, 0, 0, 0, 0, 0, 0, 0, 0, 0, 0, 0, 0, 0, 0, 0, 0, 0, 0, 0, 0, 0, 0, 0, 0, 0, 0, 0, 0, 0, 0, 0, 0, 0, 0, 0, 0, 0, 0, 0, 0, 0, 0, 0, 0, 0, 0, 0, 0, 0, 0, 0, 0, 0, 0, 0, 0, 0, 0, 0, 0, 0, 0, 0, 0, 0, 0, 0, 0, 0, 0, 0, 0, 0, 0, 0, 0, 0, 0, 0, 0, 0, 0, 0, 0, 0, 0, 0, 0, 0, 0, 0, 0, 0, 0, 0, 0, 0, 0, 0, 0, 0, 0, 0, 0, 0, 0, 0, 0, 1, 0, 0, 0, 0, 0, 0, 0, 0, 0, 0, 0, 0, 0, 0, 0, 0, 0, 0, 0, 0, 0, 0, 0, 0, 0, 0, 0, 0, 0, 0, 0, 1, 0, 0, 0, 0, 0, 0, 0, 0, 0, 0, 0, 0, 0, 0, 0, 0, 0, 0, 0, 0, 0, 0, 0, 1, 0, 0, 0, 0, 0, 0, 0, 0, 0, 0, 0, 0, 1, 0, 0, 0, 0, 0, 3, 13, 12, 14, 9, 2, 4, 5, 2, 14, 24, 37, 21, 16, 16, 18, 33, 27, 19, 22, 29, 89, 55, 35, 24, 13, 9, 4, 5, 5, 3, 6, 2, 6, 5, 7, 5, 2, 2, 1, 1, 2, 0, 5, 4, 2, 4, 1, 2, 1, 0, 1, 0, 0, 0, 1, 0, 1, 1, 3, 1, 0, 2, 1, 1, 0, 0, 0, 0, 1, 0, 1, 1, 0, 1, 0, 0, 0, 0, 0, 0, 0, 0, 0, 0, 0, 2, 0, 0, 0, 0, 0, 0, 0, 0, 1, 0, 0, 0, 0, 0, 0, 0, 0, 0, 0, 0, 0, 0, 0, 0, 1, 0, 0, 0, 0, 0, 0, 0, 0, 0, 2, 0, 0, 0, 0, 0, 0, 0, 0, 0, 0, 0, 0, 0, 0, 0, 0, 0, 0, 1, 0, 0, 1, 0, 1, 0, 0, 0, 0, 0, 0, 0, 0, 0, 0, 0, 0, 0, 0, 1, 0, 0, 0, 0, 0, 0, 0, 0, 0, 0, 0, 0, 0, 0, 0, 0, 0, 0, 0, 0, 1, 0, 0, 0, 0, 0, 0, 0, 0, 0, 0, 0, 0, 0, 0, 0, 0, 0, 0, 0, 0, 0, 0, 1, 0, 0, 0, 0, 0, 0, 0, 0, 0, 0, 0, 0, 0, 0, 0, 0, 0, 0, 0, 0, 0, 0, 2, 0, 0, 0, 0, 1, 0, 0, 0, 0, 0, 0, 0, 0, 0, 0, 0, 0, 0, 0, 0, 0, 0, 0, 0, 0, 0, 0, 0, 0, 0, 0, 0, 0, 0, 0, 0, 0, 0, 0, 0, 0, 0, 0, 0, 0, 0, 0, 0, 0, 0, 0, 0, 0, 0, 0, 0, 0, 0, 0, 0, 0, 0, 0, 0, 0, 0, 0, 0, 0, 0, 0, 0, 0, 0, 0, 0, 0, 0, 0, 0, 0, 0, 0, 0, 0, 0, 0, 0, 0, 0, 0, 0, 0, 0, 0, 1, 0, 0, 0, 0, 0, 0, 0, 0, 0, 0, 0, 0, 0, 0, 0, 0, 0, 0, 0, 0, 0, 0, 0, 0, 0, 0, 1]"
韩安冉离婚_最终事件描述,韩安冉离婚事件在曝光初期（1-8小时）引发舆论爆发式讨论，核心争议聚焦其“五离”记录的儿戏化婚姻态度、炒作嫌疑及对子女的负面影响，负面情绪占主导。随后（9-15小时），舆论转向对重组家庭教育问题的强烈谴责，尤其针对其女儿“小猪妹”的言行引导，封杀呼声高涨。中期（16-115小时），公众对频繁炒作的疲劳感加剧，质疑动机（如带货引流）和反感情绪升级，事件逐渐演变为对网红低质流量操作的批判。后期（116-184小时），舆论呈现两极分化：一方面持续抨击其无底线炒作，另一方面开始关注财产分配与子女权益，部分支持其争取女儿保障的行为。整体趋势显示，事件从婚姻争议逐步升级为社会对网红生态的反思，公众情绪从猎奇转向厌恶，最终聚焦于子女权益与流量经济的边界问题。（198字）,1,"[3, 81, 12, 11, 3, 1, 0, 9, 8, 37, 43, 20, 29, 55, 41, 38, 65, 46, 43, 22, 14, 3, 6, 2, 1, 5, 5, 1, 1, 2, 0, 2, 2, 3, 4, 3, 1, 1, 2, 1, 2, 1, 1, 4, 1, 0, 2, 0, 1, 1, 0, 0, 0, 0, 0, 0, 0, 1, 0, 0, 0, 0, 0, 0, 0, 0, 0, 0, 0, 0, 0, 1, 1, 0, 0, 0, 1, 0, 0, 1, 1, 0, 0, 0, 0, 0, 0, 0, 1, 0, 1, 2, 0, 3, 0, 0, 1, 0, 0, 0, 0, 0, 0, 0, 0, 0, 0, 3, 6, 3, 2, 2, 0, 0, 0, 6, 15, 20, 21, 10, 4, 4, 0, 2, 0, 0, 0, 0, 1, 4, 2, 2, 1, 1, 1, 0, 0, 0, 0, 0, 0, 0, 8, 0, 0, 0, 0, 0, 0, 0, 0, 0, 0, 0, 0, 0, 1, 0, 0, 0, 0, 0, 6, 0, 0, 0, 1, 0, 0, 0, 1, 0, 0, 0, 0, 0, 0, 0, 0, 0, 0, 0, 0, 0, 1]"
液态大米_最终事件描述,"**液态大米事件总述**  
事件始于“液态大米”这一新奇表述引发的网络狂欢，初期讨论以幽默调侃为主（占比超60%），网友将其戏称为粥、米酒或衍生出“五粮液”等梗，同时伴随地域饮食文化科普（如熬粥方法）。随着话题破圈，娱乐化扩散加剧，出现猎奇创作（如“鸡童卵液”）和跨文化对比（中英文翻译梗），情绪整体轻松。  

中期焦点转向对术语包装的讽刺（如“高科技粥”），并衍生对食品营销的普遍吐槽，东北用户等地域性讨论升温。后期舆论意外转向综艺《向往的生活》，集中质疑黄磊厨艺（如豆角未熟、嘉宾硬夸），形成“赛毒药”“谋士入局”等黑色幽默梗，事件从饮食文化解构升级为对娱乐圈人设真实性的反思。  

全程呈现“新奇玩梗→文化讨论→营销批判→娱乐争议”的演变路径，最终以对综艺剧本的戏谑批判收尾，反映网络舆论从消解严肃到重构热点的典型轨迹。（198字）",0,"[1, 0, 0, 0, 0, 0, 0, 0, 0, 0, 0, 0, 0, 0, 0, 0, 0, 0, 0, 0, 0, 0, 1, 1, 0, 0, 0, 0, 1, 0, 0, 0, 0, 1, 0, 0, 1, 0, 0, 0, 0, 0, 0, 1, 0, 0, 0, 0, 0, 0, 0, 0, 0, 0, 0, 0, 0, 0, 0, 0, 0, 0, 0, 0, 0, 0, 1, 0, 0, 0, 0, 0, 0, 0, 0, 0, 0, 0, 0, 0, 0, 0, 0, 0, 0, 0, 0, 0, 0, 2, 3, 1, 0, 6, 0, 0, 3, 2, 0, 0, 0, 1, 0, 1, 0, 1, 0, 0, 0, 0, 0, 1, 0, 3, 0, 0, 0, 0, 1, 12, 15, 14, 0, 0, 0, 0, 0, 0, 0, 0, 0, 0, 0, 0, 0, 0, 0, 0, 0, 0, 0, 0, 0, 0, 0, 0, 0, 0, 0, 0, 0, 0, 0, 0, 0, 0, 0, 0, 0, 0, 0, 0, 0, 0, 0, 0, 0, 0, 0, 0, 0, 0, 0, 0, 0, 0, 0, 0, 0, 0, 0, 0, 0, 0, 0, 0, 0, 0, 0, 0, 0, 0, 0, 0, 0, 0, 0, 0, 0, 0, 0, 0, 0, 0, 0, 0, 0, 0, 0, 0, 0, 0, 0, 0, 0, 0, 0, 0, 0, 0, 0, 0, 0, 0, 0, 0, 0, 0, 0, 0, 0, 0, 0, 0, 0, 0, 0, 0, 0, 0, 0, 0, 0, 0, 0, 0, 0, 0, 0, 0, 0, 0, 0, 0, 0, 0, 0, 0, 0, 0, 0, 0, 0, 0, 0, 0, 0, 0, 0, 0, 0, 0, 0, 0, 0, 0, 0, 0, 0, 0, 0, 0, 0, 0, 0, 0, 0, 0, 0, 0, 0, 0, 0, 0, 0, 0, 0, 0, 0, 0, 0, 0, 0, 0, 0, 0, 0, 0, 0, 0, 0, 0, 0, 0, 0, 0, 0, 0, 0, 0, 0, 0, 0, 0, 0, 0, 0, 0, 0, 0, 0, 0, 0, 0, 0, 0, 0, 0, 0, 0, 0, 0, 0, 0, 0, 0, 0, 0, 0, 0, 0, 0, 0, 0, 0, 0, 0, 0, 0, 0, 0, 0, 0, 0, 0, 0, 0, 0, 0, 0, 0, 0, 0, 0, 0, 0, 0, 0, 0, 0, 0, 0, 0, 0, 0, 0, 5, 5, 2, 0, 0, 0, 0, 0, 0, 0, 0, 0, 0, 0, 0, 0, 0, 0, 0, 0, 1, 0, 1, 0, 1, 1, 0, 0, 0, 0, 0, 0, 0, 0, 0, 0, 0, 0, 0, 0, 1, 0, 0, 0, 0, 0, 0, 0, 0, 0, 0, 0, 0, 0, 0, 0, 0, 0, 1, 0, 0, 0, 0, 0, 0, 0, 0, 0, 0, 0, 0, 0, 0, 0, 0, 0, 0, 0, 0, 0, 0, 0, 0, 0, 0, 0, 0, 0, 0, 0, 0, 0, 0, 0, 0, 0, 0, 0, 0, 0, 1, 0, 1, 0, 0, 1, 0, 0, 0, 0, 0, 0, 0, 0, 0, 0, 0, 0, 0, 2, 0, 0, 1, 0, 0, 0, 0, 0, 0, 0, 0, 0, 0, 0, 0, 0, 0, 0, 1, 0, 0, 0, 1, 0, 0, 1]"
丈夫给足球打气递给妻子时突然爆炸_最终事件描述,"**事件总述**：  
该事件始于丈夫给足球打气时突然爆炸，导致妻子受伤。舆论发展呈现三阶段演变：  
1. **初期（1-482小时）**：情绪两极分化，戏谑表情（如[捂脸]）与严肃关切并存，话题迅速偏移至足球邀约、政治口号等，核心事件被分散。  
2. **中期（483-512小时）**：焦点转向事件戏剧性，丈夫打气过量（“足球变椭圆”）和爆炸后大笑行为引发黑色幽默调侃，同时隐含对其缺乏常识与同理心的批评；妻子头发被气浪掀飞的画面成为热议符号。  
3. **后期（513-515小时）**：舆论趋于理性化，安全警示（如充气规范、产品质量）和丈夫责任（“鲁莽”“微笑争议”）成为主导，部分质疑事件真实性，消防超话介入但讨论仍掺杂戏谑。  

**整体趋势**：从碎片化消解到集中批判，最终回归安全反思，但娱乐化表达始终伴随事件传播。",0,"[1, 0, 0, 0, 0, 0, 0, 0, 0, 0, 0, 0, 0, 0, 0, 0, 0, 0, 0, 0, 0, 0, 0, 0, 0, 0, 0, 0, 0, 0, 0, 0, 0, 0, 0, 0, 0, 0, 0, 0, 0, 0, 0, 0, 0, 0, 0, 0, 0, 0, 0, 0, 0, 0, 0, 0, 0, 0, 0, 0, 0, 0, 0, 0, 0, 0, 0, 0, 0, 0, 0, 0, 0, 0, 0, 0, 0, 0, 0, 0, 0, 0, 0, 0, 0, 0, 0, 0, 0, 0, 0, 0, 0, 0, 0, 0, 0, 0, 0, 0, 0, 0, 0, 0, 0, 0, 0, 0, 0, 0, 0, 0, 0, 0, 0, 0, 0, 0, 0, 0, 0, 0, 0, 0, 0, 0, 0, 0, 0, 0, 0, 0, 0, 0, 0, 0, 0, 0, 0, 0, 0, 0, 0, 0, 0, 0, 0, 0, 0, 0, 0, 0, 0, 0, 0, 0, 0, 0, 0, 0, 0, 0, 0, 0, 0, 0, 0, 0, 0, 0, 0, 0, 0, 0, 0, 0, 0, 0, 0, 0, 0, 0, 0, 0, 0, 0, 0, 0, 0, 0, 0, 0, 0, 0, 0, 0, 0, 0, 0, 0, 0, 0, 0, 0, 0, 0, 0, 0, 0, 0, 0, 0, 0, 0, 0, 0, 0, 0, 0, 0, 0, 0, 0, 0, 0, 0, 0, 0, 0, 0, 0, 0, 0, 0, 0, 0, 0, 0, 0, 0, 0, 0, 0, 0, 0, 0, 0, 0, 0, 0, 0, 0, 0, 0, 0, 0, 0, 0, 0, 0, 0, 0, 0, 0, 0, 0, 0, 0, 0, 0, 0, 0, 0, 0, 0, 0, 0, 0, 0, 0, 0, 0, 0, 0, 1, 0, 0, 0, 0, 0, 0, 0, 0, 0, 0, 0, 0, 0, 0, 0, 0, 0, 0, 0, 0, 0, 0, 0, 0, 0, 0, 0, 0, 0, 0, 0, 0, 0, 0, 0, 0, 0, 0, 0, 0, 0, 0, 0, 0, 0, 0, 0, 0, 0, 0, 0, 0, 0, 0, 0, 0, 0, 0, 0, 0, 0, 0, 0, 0, 0, 0, 0, 0, 0, 0, 0, 0, 0, 0, 0, 0, 0, 0, 0, 0, 0, 0, 0, 0, 0, 0, 0, 0, 0, 0, 0, 0, 0, 0, 0, 0, 0, 0, 0, 0, 0, 0, 0, 0, 0, 0, 0, 0, 0, 0, 0, 0, 0, 0, 0, 0, 0, 0, 0, 0, 0, 0, 0, 0, 1, 0, 0, 0, 0, 0, 0, 0, 0, 0, 0, 0, 0, 0, 0, 0, 0, 0, 0, 0, 0, 0, 0, 0, 0, 0, 1, 0, 0, 0, 0, 0, 0, 0, 0, 0, 0, 0, 0, 0, 0, 0, 0, 0, 0, 0, 2, 0, 0, 0, 0, 0, 0, 0, 0, 0, 0, 0, 0, 0, 0, 0, 0, 0, 0, 0, 0, 0, 0, 0, 0, 0, 0, 2, 27, 15, 1, 0, 1, 0, 0, 1, 1, 2, 0, 1, 2, 1, 3, 1, 5, 2, 0, 0, 1, 0, 3, 2, 0, 0, 0, 0, 11, 31, 10, 3]"
17岁未成年彝族女孩成代孕妈妈_最终事件描述,17岁未成年彝族女孩沦为代孕工具的事件在曝光后迅速引发舆论风暴。初期（第1小时）舆论以强烈愤慨为主，集中谴责代孕机构违法操作、质疑监管缺位，并揭露代孕产业低龄化趋势，反对合法化的声音占据主流。随着讨论深入（第2-3小时），焦点扩展至代孕黑产链条的系统性剥削，尤其关注少数民族、贫困地区女性的脆弱性，呼吁法律严惩与制度完善，同时关联地域乱象和阶层不平等问题。情绪从愤怒、震惊逐渐转向对结构性矛盾的反思，部分言论触及族群标签化争议。后期（第4小时）舆论持续发酵，要求“代孕入刑”的声浪高涨，并延伸至对同性婚姻、三胎政策等社会议题的讨论，同时伴随对热搜压制的担忧。整体呈现从个案谴责到社会问题批判的升级态势，核心诉求始终围绕未成年人保护与代孕产业根治。,0,"[4, 29, 95, 100, 26]"
单依纯口误(正向)_最终事件描述,单依纯口误事件整体呈现“娱乐化扩散—正向强化—形象升级”的演变轨迹。事件初期（1-539小时），舆论以对其唱功的赞誉为主，口误仅零星提及；540-561小时转向晚会表现对比，其“稳”“情感把控”获认可。562小时后，因将“WMA”误说为“TMEA”的片段被广泛传播，舆论迅速娱乐化，网友高频玩梗“小品女王”“可爱闯祸”，毛不易等嘉宾反应成热议焦点，相关剪辑推动事件破圈。563-585小时，调侃持续深化，衍生出“电子闯祸精”“00后职场”等标签，其自嘲反应和亲和力进一步消解争议，负面评价不足10%。586-588小时，事件升级为艺人形象加分项，“真实可爱”成为核心标签，甚至反向科普奖项名称。整体而言，该事件通过公众对年轻艺人真实性格的包容，将口误转化为强化其“反差萌”人设的契机，最终形成“包容-娱乐-赞赏”的三元舆论结构，巩固了单依纯的观众缘与话题度。（198字）,0,"[0, 0, 0, 0, 0, 0, 0, 0, 0, 0, 0, 0, 0, 0, 0, 0, 0, 0, 0, 0, 0, 0, 0, 0, 0, 0, 0, 0, 0, 0, 0, 0, 0, 0, 0, 0, 0, 0, 0, 0, 0, 0, 0, 0, 0, 0, 0, 0, 0, 0, 0, 0, 0, 0, 0, 0, 0, 0, 0, 0, 0, 0, 0, 0, 0, 0, 0, 0, 0, 0, 0, 0, 0, 0, 0, 0, 0, 0, 0, 0, 0, 0, 0, 0, 0, 0, 0, 0, 0, 0, 0, 0, 0, 0, 0, 0, 0, 0, 0, 0, 0, 0, 0, 0, 0, 0, 0, 0, 0, 0, 0, 0, 0, 0, 0, 0, 0, 0, 0, 0, 0, 0, 0, 0, 0, 0, 0, 0, 0, 0, 0, 0, 0, 0, 0, 0, 0, 0, 0, 0, 0, 0, 0, 0, 0, 0, 0, 0, 0, 0, 0, 0, 0, 0, 0, 0, 0, 0, 0, 0, 0, 0, 0, 0, 0, 0, 0, 0, 0, 0, 0, 0, 0, 0, 0, 0, 0, 0, 0, 0, 0, 0, 0, 0, 0, 0, 0, 0, 0, 0, 0, 0, 0, 0, 0, 0, 0, 0, 0, 0, 0, 0, 0, 0, 0, 0, 0, 0, 0, 0, 0, 0, 0, 0, 0, 0, 0, 0, 0, 0, 0, 0, 0, 0, 0, 0, 0, 0, 0, 0, 0, 0, 0, 0, 0, 0, 0, 0, 0, 0, 0, 0, 0, 0, 0, 0, 0, 0, 0, 0, 0, 0, 0, 0, 0, 0, 0, 0, 0, 0, 0, 0, 0, 0, 0, 0, 0, 0, 0, 0, 0, 0, 0, 0, 0, 0, 0, 0, 0, 0, 0, 0, 0, 0, 0, 0, 0, 0, 0, 0, 0, 0, 0, 0, 0, 0, 0, 0, 0, 0, 0, 0, 0, 0, 0, 0, 0, 0, 0, 0, 0, 0, 0, 0, 0, 0, 0, 0, 0, 0, 0, 0, 0, 0, 0, 0, 0, 0, 0, 0, 0, 0, 0, 0, 0, 0, 0, 0, 0, 0, 0, 0, 0, 0, 0, 0, 0, 0, 0, 0, 0, 0, 0, 0, 0, 0, 0, 0, 0, 0, 0, 0, 0, 0, 0, 0, 0, 0, 0, 0, 0, 0, 0, 0, 0, 0, 0, 0, 0, 0, 0, 0, 0, 0, 0, 0, 0, 0, 0, 0, 0, 0, 0, 0, 0, 0, 0, 0, 0, 0, 0, 0, 0, 0, 0, 0, 0, 0, 0, 0, 0, 0, 0, 0, 0, 0, 0, 0, 0, 0, 0, 0, 0, 0, 0, 0, 0, 0, 0, 0, 0, 0, 0, 0, 0, 0, 0, 0, 0, 0, 0, 0, 0, 0, 0, 0, 0, 0, 0, 0, 0, 0, 0, 0, 0, 0, 0, 0, 0, 0, 0, 0, 0, 0, 0, 0, 0, 0, 0, 0, 0, 0, 0, 0, 0, 0, 0, 0, 0, 0, 0, 0, 0, 0, 0, 0, 0, 0, 0, 0, 0, 0, 0, 0, 0, 0, 0, 0, 0, 0, 0, 0, 0, 0, 0, 0, 0, 0, 0, 0, 0, 0, 0, 0, 0, 0, 0, 0, 0, 0, 0, 0, 0, 0, 0, 0, 0, 0, 0, 0, 0, 0, 0, 0, 0, 0, 0, 0, 0, 1, 2, 2, 0, 2, 1, 0, 0, 0, 0, 0, 0, 0, 0, 0, 0, 0, 0, 2, 0, 0, 0, 0, 0, 0, 0, 0, 0, 0, 0, 0, 1, 0, 0, 0, 0, 0, 0, 0, 0, 0, 0, 0, 0, 1, 0, 1, 3, 2, 1]"
女子一次次给骗子送钱一次次失败_最终事件描述,"该事件舆情发展呈现明显的阶段性特征：初期（1-3小时）信息沉寂，仅官方账号互动；第4小时起关注度骤升，公众以震惊与无奈为主，高频词""警惕""反映反诈焦虑。中期（5-7小时）舆论两极分化：多数人批判受害者""又贪又蠢""，嘲讽其执迷不悟，同时诈骗案例分享激增，显示社会对骗术泛滥的深层忧虑；理性声音呼吁加强反诈宣传但占比有限。后期（8-10小时）情绪转向负面宣泄，浅层互动（如问候）与财富分配等衍生话题稀释核心讨论，但公众警惕性增强，部分结合亲身经历反思骗局套路。整体呈现""猎奇嘲讽→情绪宣泄→社会反思""的演变路径，暴露出公众对反诈教育缺失的集体焦虑，以及网络舆论从聚焦事件到泛化议题的传播特性。",0,"[0, 0, 0, 0, 19, 51, 44, 11, 6, 6]"
张庭女儿回应外貌争议_最终事件描述,"张庭女儿回应外貌争议事件在12小时内呈现明显的舆论分化与焦点转移。初期（1-4小时），评论围绕其外貌两极分化，支持者强调自信与多元审美，反对者则关联父母传销争议进行道德评判。中期（5-9小时），争议升级为家庭背景的延伸讨论，负面评论增多，涉及基因缺陷、父母丑闻等攻击性内容，而支持声音则强化对未成年人的保护呼吁。后期（10-13小时），舆论场形成具象化攻击（如体态缺陷描述）与理性反思的对峙，约65%恶意评论持续关联""传销二代""等标签，但停止外貌羞辱的理性声音逐渐增强。整体趋势显示，事件从单纯容貌评价演变为对星二代社会资源、家庭原罪的公共讨论，情绪虽以负面为主，但社会对网络暴力边界的争议亦随之凸显。（198字）",1,"[2, 0, 1, 0, 50, 86, 42, 47, 36, 45, 43, 30, 21]"
脱粉回踩_最终事件描述,"**脱粉回踩事件整体描述**  

该事件始于粉丝对艺人（疑似韩团成员）在危机中（如地震、泰国安全问题）漠视粉丝权益的强烈不满，核心矛盾迅速从“消费者权利vs饭圈忠诚”升级为群体对立。前13小时，双方围绕“花钱回踩合理性”激烈争论，泰国粉丝安全成为焦点；14-20小时，舆论极端化，中韩粉丝对立激化，“中输养团”和经济回报争议加剧民族情绪，人身攻击频发。21-24小时，负面情绪主导，矛头指向艺人“起号逃责”、漠视安全（如“六逃一”行为），并扩散至追星女安全隐患（如人贩子风险）、经济损失（“还钱”诉求）等社会性批判。事件从具体行为争议演变为涉及道德谴责、民族情绪和饭圈文化反思的公共议题，理性讨论空间完全压缩，最终以集体愤怒与极端言论收尾。",1,"[4, 2, 0, 0, 0, 0, 0, 1, 0, 6, 4, 9, 7, 16, 11, 8, 32, 14, 14, 4, 39, 58, 38, 48]"
赵一博说交不到朋友不是性格问题_最终事件描述,赵一博关于“交不到朋友非性格问题”的言论事件呈现明显的阶段性演变。初期（1-3小时）言论因契合当代社交焦虑引发广泛共鸣，舆论以积极治愈为主，网友高度认同“缘分交友”“阶段性友谊”观点，节目热度同步攀升。中期（第4小时）舆论迅速分化：支持方延续共鸣，强调“同频共振”等观点；反对方则质疑其营销动机及艺人形象，粉黑对抗加剧，争议焦点转向言论是否被断章取义及身份争议。后期（第5小时）粉丝主导舆论走向，通过标签澄清事件背景、转移至新剧《淮水竹亭》宣传，反对声量减弱但持续存在“翻旧账”“人品”等质疑。整体事件从观点共鸣发展为粉黑博弈，最终以粉丝控场、话题商业价值释放收尾，反映出明星言论在社交媒体的快速发酵与饭圈化解读特征。（199字）,0,"[1, 0, 0, 33, 50, 16]"
如何看待北大硕士当食堂阿姨_最终事件描述,"**北大硕士当食堂阿姨事件总述**  
该事件发酵初期（1-726小时），舆论围绕高学历者从事基层工作的合理性激烈分化，争议焦点从职业“体面性”逐步转向对教育功利化、社会价值观的反思。中期（727-751小时），事实澄清（实为管培生轮岗）推动讨论趋于理性，但媒体“标题党”炒作与学历贬值焦虑仍为核心议题。后期（752-767小时），舆论场因突发社会事件（如泰国寻人）短暂失焦，随后回归对职业自由与结构性矛盾的辩论，支持者强调“自洽”与反内卷，反对者质疑教育资源浪费。整体呈现从猎奇争议→事实辨析→价值观碰撞的演变，最终落脚于对媒体伦理、就业压力及学历价值等深层社会问题的探讨，反映出公众对职业偏见与教育回报的复杂心态。（198字）",1,"[0, 0, 0, 0, 0, 0, 0, 0, 0, 0, 0, 0, 0, 0, 0, 0, 0, 0, 0, 0, 0, 0, 0, 0, 0, 0, 0, 0, 0, 0, 0, 0, 0, 0, 0, 0, 0, 0, 0, 0, 0, 0, 0, 0, 0, 0, 0, 0, 0, 0, 0, 0, 0, 0, 0, 0, 0, 0, 0, 0, 0, 0, 0, 0, 0, 0, 0, 0, 0, 0, 0, 0, 0, 0, 0, 0, 0, 0, 0, 0, 0, 0, 0, 0, 0, 0, 0, 0, 0, 0, 0, 0, 0, 0, 0, 0, 0, 1, 0, 0, 0, 0, 0, 0, 0, 0, 0, 0, 0, 0, 0, 0, 0, 1, 0, 0, 0, 0, 0, 0, 0, 0, 0, 0, 1, 0, 0, 0, 0, 0, 0, 0, 0, 0, 0, 0, 0, 0, 0, 0, 0, 0, 0, 0, 0, 0, 0, 0, 0, 0, 0, 0, 0, 0, 0, 0, 0, 0, 0, 0, 0, 0, 0, 0, 0, 0, 0, 0, 0, 0, 0, 0, 0, 0, 0, 0, 0, 0, 0, 0, 0, 0, 0, 0, 0, 0, 0, 0, 0, 0, 0, 0, 0, 0, 0, 0, 0, 0, 1, 0, 0, 0, 0, 0, 0, 0, 0, 0, 0, 0, 0, 0, 0, 0, 0, 0, 0, 0, 0, 0, 0, 0, 0, 0, 0, 0, 0, 2, 0, 0, 0, 0, 0, 0, 1, 0, 0, 1, 1, 0, 0, 0, 0, 0, 0, 0, 0, 0, 0, 0, 0, 0, 0, 0, 0, 0, 0, 0, 0, 0, 0, 0, 0, 0, 1, 0, 0, 0, 0, 0, 0, 0, 0, 0, 0, 0, 0, 0, 0, 1, 0, 0, 0, 0, 0, 0, 0, 0, 0, 0, 0, 0, 0, 0, 0, 0, 0, 0, 0, 0, 1, 0, 0, 0, 0, 1, 0, 0, 1, 0, 2, 0, 0, 1, 0, 1, 1, 0, 0, 0, 0, 0, 0, 0, 0, 0, 0, 0, 0, 0, 0, 0, 0, 0, 0, 0, 0, 1, 0, 1, 0, 0, 0, 0, 0, 0, 0, 0, 0, 0, 0, 0, 0, 0, 0, 0, 0, 1, 0, 0, 0, 0, 0, 0, 0, 0, 0, 1, 0, 1, 0, 0, 0, 0, 0, 0, 0, 0, 1, 0, 0, 0, 0, 0, 1, 0, 0, 0, 0, 0, 0, 0, 0, 1, 0, 0, 0, 0, 0, 0, 0, 0, 0, 0, 0, 0, 0, 0, 0, 0, 0, 0, 1, 0, 0, 0, 0, 1, 0, 0, 0, 1, 0, 0, 0, 0, 1, 0, 0, 0, 0, 0, 0, 0, 0, 0, 0, 0, 0, 0, 0, 0, 0, 0, 0, 0, 0, 0, 0, 0, 0, 0, 0, 0, 0, 0, 0, 0, 0, 0, 0, 0, 0, 0, 0, 0, 0, 0, 1, 0, 0, 0, 0, 0, 0, 0, 0, 0, 0, 0, 0, 0, 0, 0, 0, 0, 1, 0, 0, 2, 0, 0, 0, 0, 1, 0, 0, 0, 0, 0, 0, 0, 0, 0, 0, 0, 0, 0, 0, 0, 1, 0, 0, 0, 0, 0, 0, 0, 0, 0, 0, 0, 0, 0, 0, 2, 0, 0, 0, 0, 0, 0, 0, 0, 0, 0, 2, 0, 0, 0, 1, 0, 0, 1, 0, 0, 0, 0, 0, 0, 0, 0, 0, 0, 1, 0, 0, 0, 3, 3, 1, 0, 0, 0, 0, 0, 0, 0, 1, 1, 0, 0, 0, 0, 1, 0, 0, 0, 0, 0, 0, 0, 0, 0, 0, 0, 1, 0, 0, 0, 0, 0, 0, 0, 0, 0, 0, 0, 0, 0, 0, 0, 0, 0, 0, 0, 1, 1, 0, 0, 0, 0, 1, 0, 0, 0, 0, 0, 0, 2, 0, 0, 0, 0, 0, 0, 0, 0, 0, 0, 1, 2, 2, 1, 0, 0, 0, 0, 0, 0, 0, 0, 1, 4, 2, 3, 4, 0, 0, 0, 0, 1, 0, 0, 0, 0, 0, 1, 0, 0, 0, 0, 0, 0, 0, 0, 0, 0, 0, 0, 0, 0, 0, 0, 0, 0, 2, 3, 1, 1, 0, 2, 0, 0, 1, 0, 1, 0, 1, 0, 3, 0, 0, 3, 2, 2, 1, 0, 0, 0, 1, 0, 1, 2, 2, 2, 0, 0, 1, 0, 0, 0, 0, 0, 3, 0, 0, 2, 0, 0, 0, 0, 0, 1, 2, 0, 21, 38, 12, 3, 0, 0, 1, 0, 0, 0, 3, 3, 2, 3, 1, 1, 0, 0, 4, 3, 2, 5, 0, 0, 3, 11, 3, 2, 5, 4, 3, 1, 0, 1, 2, 11, 8, 26, 34, 16, 10, 0]"
女子取消预订酒店被扣1000多元_最终事件描述,该事件始于消费者因取消酒店预订被扣1000多元引发的争议，舆论发展呈现明显的阶段性特征。初期（1-98小时）以消费者愤怒情绪为主导，大量用户分享类似遭遇，聚焦酒店单方面违约、强制加价等问题，并积极传播投诉渠道和维权案例。中期（99-137小时）情绪共鸣持续增强，舆论分化为支持维权与质疑事件真实性两派，同时衍生出对行业乱象的集中批评，维权策略逐渐系统化（如坚持平台索赔、退一赔三）。后期（143-145小时）舆论出现反转，契约精神成为焦点，多数评论转向批评消费者“违约甩锅”，强调条款约束力。整体来看，事件从个体维权案例逐步演变为对酒店行业规则透明性、消费者权益与商业契约平衡的公共讨论，反映出市场规范与维权意识碰撞下的复杂社会心态。,0,"[0, 0, 0, 0, 0, 0, 0, 0, 0, 0, 0, 0, 0, 0, 0, 0, 0, 0, 0, 0, 0, 0, 0, 0, 0, 0, 0, 0, 0, 0, 0, 0, 0, 0, 0, 0, 0, 0, 0, 0, 0, 0, 0, 0, 0, 0, 1, 0, 0, 0, 0, 0, 0, 0, 0, 0, 0, 0, 0, 0, 0, 0, 0, 0, 0, 0, 0, 0, 0, 0, 0, 0, 0, 0, 0, 1, 0, 0, 0, 0, 0, 0, 0, 0, 0, 0, 0, 0, 0, 0, 0, 0, 0, 0, 0, 0, 0, 0, 1, 4, 3, 3, 2, 1, 0, 0, 0, 0, 0, 0, 0, 2, 0, 1, 1, 1, 1, 0, 0, 0, 1, 0, 1, 0, 0, 1, 1, 2, 1, 0, 0, 0, 0, 0, 0, 0, 0, 0, 0, 0, 0, 0, 0, 6, 2, 0]"
董力拒绝亲密行为_最终事件描述,"**董力拒绝亲密行为事件整体描述：**  
事件始于董力在综艺中抗拒与妻子阿诺的亲密互动，引发舆论持续发酵。初期（1-200小时）焦点集中于对其态度冷漠、PUA嫌疑及婚姻动机的质疑，阿诺的“恋爱脑”形象获广泛同情，而董力因知名度低（“董力是谁”高频出现）与“小牌大耍”批评遭群嘲。中期（200-500小时）争议升级，舆论分化：一方结合其回避行为（如五年无接吻）认定“不爱”或“形婚”，另一方则强调夫妻模式差异，但负面情绪主导，关联其过往综艺形象（如《爸爸去哪儿》）崩塌。后期（500-734小时）讨论转向婚姻本质反思，分床睡、文化差异等议题被泛化，但核心矛盾始终围绕董力对阿诺的情感真实性。尽管剧本猜测、剪辑误导等声音偶现，舆论仍以“冷漠”“渣男”等标签固化其负面形象，事件热度随公众认知模糊（持续身份疑问）逐渐衰退，最终沦为对“无爱婚姻”的戏谑讨论。  

（字数：199）",1,"[1, 0, 1, 0, 0, 0, 0, 0, 0, 2, 0, 0, 1, 2, 0, 0, 0, 0, 0, 0, 0, 0, 0, 0, 0, 0, 0, 0, 1, 0, 0, 0, 0, 0, 0, 0, 0, 0, 0, 0, 0, 0, 0, 0, 0, 0, 0, 0, 0, 0, 0, 0, 0, 0, 0, 0, 0, 0, 0, 1, 0, 0, 1, 0, 1, 0, 0, 0, 0, 0, 0, 0, 0, 0, 1, 1, 0, 0, 2, 0, 0, 1, 1, 0, 0, 0, 2, 0, 0, 0, 0, 0, 0, 0, 0, 0, 1, 0, 1, 1, 0, 0, 1, 0, 0, 0, 0, 0, 0, 0, 1, 5, 2, 1, 0, 0, 0, 0, 0, 1, 0, 2, 1, 0, 2, 1, 0, 1, 0, 0, 0, 1, 0, 0, 0, 0, 0, 0, 0, 0, 0, 0, 0, 0, 3, 0, 0, 0, 0, 0, 0, 1, 0, 0, 1, 0, 0, 0, 1, 0, 0, 0, 0, 0, 0, 1, 0, 0, 1, 0, 0, 0, 0, 0, 0, 2, 1, 0, 0, 0, 1, 0, 0, 0, 0, 0, 0, 0, 0, 0, 1, 0, 0, 0, 0, 0, 0, 4, 6, 3, 4, 6, 2, 1, 6, 2, 2, 4, 0, 0, 0, 0, 0, 0, 1, 1, 2, 2, 3, 10, 5, 9, 34, 12, 7, 14, 12, 21, 29, 29, 36, 16, 8, 2, 3, 3, 0, 1, 2, 4, 7, 3, 3, 9, 3, 2, 1, 4, 4, 3, 10, 12, 33, 25, 22, 14, 6, 5, 1, 3, 0, 3, 1, 2, 2, 6, 10, 13, 7, 8, 2, 4, 7, 12, 12, 21, 23, 12, 21, 7, 4, 4, 2, 3, 3, 5, 4, 21, 13, 10, 8, 16, 9, 8, 6, 7, 10, 7, 5, 10, 6, 7, 5, 2, 1, 1, 0, 1, 2, 0, 2, 1, 3, 0, 2, 6, 4, 1, 1, 2, 9, 5, 3, 4, 14, 8, 3, 3, 2, 2, 0, 0, 2, 2, 1, 1, 2, 1, 5, 2, 4, 3, 3, 3, 5, 2, 6, 12, 25, 25, 25, 14, 6, 5, 5, 3, 3, 2, 12, 9, 3, 7, 7, 7, 5, 1, 7, 2, 3, 3, 3, 4, 6, 1, 6, 0, 1, 1, 2, 0, 0, 0, 1, 0, 0, 1, 2, 0, 2, 2, 4, 4, 3, 1, 4, 1, 5, 4, 3, 0, 0, 1, 0, 0, 0, 0, 0, 1, 2, 5, 0, 3, 2, 0, 1, 4, 12, 48, 30, 40, 30, 34, 37, 29, 31, 12, 7, 8, 15, 5, 14, 24, 10, 17, 14, 32, 19, 17, 4, 7, 10, 4, 4, 4, 7, 5, 8, 3, 4, 1, 0, 1, 3, 0, 2, 3, 4, 3, 2, 6, 6, 3, 3, 8, 2, 4, 5, 1, 7, 6, 3, 2, 1, 1, 0, 0, 0, 1, 0, 1, 1, 1, 1, 1, 2, 3, 1, 3, 3, 3, 1, 3, 4, 5, 1, 0, 0, 0, 0, 0, 0, 0, 0, 1, 0, 1, 1, 2, 2, 1, 0, 0, 0, 1, 1, 2, 1, 0, 0, 0, 0, 1, 0, 1, 0, 1, 1, 0, 2, 0, 1, 1, 2, 1, 0, 1, 1, 0, 1, 0, 0, 0, 0, 0, 0, 0, 0, 0, 0, 0, 1, 0, 0, 1, 0, 3, 0, 4, 1, 1, 1, 2, 1, 2, 2, 0, 3, 1, 0, 1, 1, 1, 0, 0, 1, 1, 2, 4, 3, 10, 4, 3, 3, 3, 3, 4, 0, 0, 0, 3, 2, 1, 2, 0, 1, 0, 0, 2, 1, 0, 0, 0, 2, 0, 1, 0, 1, 2, 3, 3, 2, 2, 3, 2, 1, 4, 1, 0, 0, 1, 1, 1, 0, 1, 0, 0, 1, 0, 0, 1, 0, 2, 1, 2, 3, 0, 0, 3, 1, 1, 0, 0, 0, 1, 0, 1, 0, 0, 0, 0, 1, 0, 1, 1, 0, 0, 0, 2, 1, 1, 1, 4, 0, 1, 1, 1, 1, 0, 1, 0, 1, 0, 2, 5, 0, 4, 1, 1, 1, 0, 3, 2, 2, 2, 5, 2, 5, 3, 3, 1, 2, 0, 0, 3, 1, 2, 1, 1, 4, 4, 2, 0, 2, 0, 1, 0, 3, 0, 3, 3, 1, 0, 0, 2, 2, 1, 0, 1, 0, 1, 1, 0, 1, 4, 5, 31, 110, 135, 110, 70, 63, 77, 142, 61]"
女生高铁上提醒男子勿脱鞋放脚被打_最终事件描述,"女生高铁提醒男子勿脱鞋反被打事件在14小时内迅速引爆舆论，呈现以下发展脉络：  
**初期（1-14小时）**，舆论集中爆发强烈愤慨，超30条评论谴责男子“低素质、欺软怕硬”，要求法律严惩（拘留、高铁黑名单）并质疑乘警处置效率；公共文明讨论与性别视角初现，标签#迅速扩散。  
**中期（15-16小时）**，舆情持续升级，焦点扩展至三方面：一是近八成评论呼吁严惩施暴者，反对打码处理；二是女性用户结合自身经历表达安全焦虑，性别议题凸显；三是少数理性声音（不足5%）提及“反转可能”，但被主流批判淹没。  
**后期（17小时）**，讨论深化至制度层面，要求完善高铁黑名单及公共执法，同时出现零星地域攻击（非主流）。整体呈现高热度、高批判性，核心诉求始终围绕司法惩戒与公共秩序改进，反映民众对不文明行为的零容忍及对法治效率的期待。（199字）",0,"[3, 5, 2, 2, 6, 7, 6, 2, 2, 1, 1, 1, 2, 2, 15, 13, 220, 1]"
女高管与下属约会开房被开除_最终事件描述,"**事件总述**：  
女高管与下属约会开房被开除事件在10天内（244-248小时）持续发酵，舆论呈现从戏谑调侃到深层社会议题讨论的演变。初期（1-244小时），网民两极分化：一方质疑女方动机，类比“小作文”维权，嘲讽“你情我愿”；另一方批判职场权色交易，但道德谴责多聚焦女性。中期（245-246小时），争议转向性别与权力双重标准，核心矛盾为“为何仅女高管被开除”，同时荒诞细节（如“0.46-1.22米距离”）被广泛玩梗，折射公众对官方说法的质疑。后期（247-248小时），讨论深化至职场潜规则系统性批判，对比男性高管免责案例，情绪以讽刺为主，夹杂对婚姻道德与程序正义的争议。整体趋势显示，事件从个体私德争议逐步升级为职场性别不平等、权力滥用的公共议题，网民态度从麻木戏谑转向对社会结构性问题的反思。（198字）",0,"[1, 0, 1, 0, 0, 0, 0, 0, 0, 0, 0, 0, 0, 0, 0, 0, 1, 0, 0, 0, 0, 0, 0, 0, 0, 0, 0, 0, 0, 0, 0, 0, 0, 0, 0, 0, 0, 0, 0, 0, 0, 1, 1, 1, 0, 0, 0, 0, 0, 0, 0, 0, 0, 0, 0, 0, 0, 1, 0, 0, 0, 0, 0, 0, 0, 0, 0, 0, 0, 0, 0, 0, 0, 0, 0, 0, 0, 0, 0, 0, 0, 0, 0, 0, 0, 0, 0, 0, 0, 0, 0, 0, 0, 0, 0, 0, 0, 0, 0, 0, 0, 0, 0, 0, 0, 0, 0, 0, 0, 0, 0, 0, 0, 0, 0, 0, 0, 0, 0, 0, 0, 0, 0, 0, 0, 0, 0, 0, 1, 0, 0, 0, 0, 0, 0, 0, 0, 0, 0, 1, 0, 0, 1, 0, 0, 0, 0, 0, 0, 0, 0, 0, 0, 0, 0, 0, 0, 0, 0, 0, 0, 0, 0, 0, 0, 0, 0, 0, 0, 0, 0, 0, 0, 0, 0, 0, 1, 0, 0, 0, 0, 0, 0, 0, 0, 0, 0, 0, 0, 0, 0, 0, 0, 0, 0, 0, 0, 0, 0, 0, 0, 0, 0, 0, 0, 0, 0, 0, 0, 0, 0, 0, 0, 0, 0, 0, 0, 1, 0, 0, 0, 0, 0, 0, 0, 1, 0, 0, 0, 0, 0, 0, 0, 0, 0, 0, 0, 0, 0, 0, 0, 0, 0, 0, 2, 42, 29, 17, 1]"
上交所道歉_最终事件描述,"上交所道歉事件呈现明显的阶段性演变：初期（1-121小时）舆论以嘲讽和戏谑为主，通过""猴戏""""反讽道歉""等表达对责任方的不满，情绪从震惊转向集体解构。中期（164-173小时）市场情绪极端分化，伴随股市暴涨与技术故障形成矛盾——散户在""狂热追涨""与""警惕疯牛""间摇摆，交易系统宕机、撤单失败等问题引发信任危机，政策刺激与投机心态催生非理性繁荣。后期（174-445小时）矛盾全面激化，舆论核心转向追责赔偿，投资者普遍质疑""拔网线""""人为操控空头""等系统性不公，深交所对比加剧信任崩塌。事件从技术争议升级为对监管公信力的深层拷问，尽管部分投资者因回本情绪缓和，但整体呈现""道歉无效-诉求升级-信任瓦解""的恶性循环，暴露市场制度缺陷与投资者维权机制缺失。（198字）",1,"[0, 0, 0, 0, 0, 0, 2, 0, 0, 0, 0, 0, 0, 0, 0, 0, 0, 0, 0, 0, 0, 0, 0, 0, 0, 0, 0, 0, 0, 0, 0, 0, 0, 0, 0, 0, 0, 0, 0, 0, 0, 0, 0, 0, 0, 0, 0, 0, 0, 0, 0, 0, 0, 0, 0, 0, 0, 0, 0, 0, 0, 0, 0, 0, 0, 0, 0, 0, 0, 0, 0, 0, 0, 0, 0, 0, 0, 0, 0, 0, 0, 0, 0, 0, 0, 0, 0, 0, 0, 0, 0, 0, 0, 1, 0, 0, 0, 0, 0, 0, 0, 1, 0, 0, 0, 0, 0, 0, 0, 0, 0, 0, 0, 0, 0, 0, 0, 0, 0, 0, 0, 1, 0, 0, 0, 0, 0, 0, 0, 0, 0, 0, 0, 0, 0, 0, 0, 0, 0, 0, 0, 0, 0, 0, 0, 0, 0, 0, 0, 0, 0, 0, 0, 0, 0, 0, 0, 0, 0, 0, 0, 0, 0, 0, 28, 71, 33, 21, 15, 12, 7, 12, 56, 67, 50, 66, 42, 49, 31, 82, 159, 63, 63, 117, 36, 214, 387, 332, 161, 155, 66, 4, 2, 5, 2, 6, 3, 1, 4, 2, 1, 1, 0, 1, 2, 0, 0, 1, 0, 1, 0, 1, 0, 0, 0, 0, 0, 1, 1, 0, 1, 1, 0, 0, 0, 0, 0, 0, 0, 0, 0, 1, 0, 0, 0, 0, 0, 0, 0, 0, 0, 0, 0, 0, 0, 0, 0, 0, 0, 0, 0, 0, 0, 0, 0, 0, 0, 0, 0, 0, 0, 0, 0, 0, 0, 0, 0, 0, 0, 0, 0, 0, 0, 0, 0, 0, 0, 0, 1, 0, 0, 0, 0, 0, 0, 0, 0, 0, 0, 0, 0, 0, 1, 0, 0, 0, 0, 0, 0, 0, 0, 0, 0, 0, 0, 0, 0, 0, 0, 0, 0, 0, 0, 0, 0, 0, 0, 0, 0, 0, 0, 1, 0, 0, 0, 0, 0, 0, 0, 0, 0, 0, 0, 0, 0, 0, 0, 0, 0, 0, 0, 0, 0, 0, 0, 0, 0, 0, 0, 0, 0, 0, 0, 0, 0, 0, 0, 0, 0, 0, 0, 0, 0, 0, 0, 0, 0, 0, 0, 0, 0, 0, 0, 0, 0, 0, 0, 0, 0, 0, 0, 0, 0, 0, 0, 0, 0, 0, 0, 0, 0, 0, 0, 0, 0, 0, 0, 0, 1, 0, 0, 0, 0, 0, 0, 0, 0, 0, 0, 0, 0, 0, 0, 0, 0, 0, 0, 0, 0, 0, 0, 0, 0, 0, 0, 0, 0, 0, 0, 0, 0, 0, 0, 0, 0, 0, 0, 0, 0, 0, 0, 0, 0, 0, 0]"
女子吐槽楼上邻居马桶正对自家厨房_最终事件描述,"该事件始于女子曝光楼上邻居马桶正对自家厨房的离奇设计，迅速引发舆论对杭州群租房违建乱象的集中声讨。初期（1-41小时）讨论聚焦区域性问题：临平区回迁房普遍存在违规改造（如120平隔5间带独立卫浴），揭露监管缺失与维权困境，网友情绪以讽刺和无奈为主。中期（42-44小时）舆论升级，违规改建（如5个卫生间）、卫生心理双重不适成为核心争议点，""恶心""""恶劣""等情绪词激增，同时出现""当天拆改""等进展信息，但群租房存废仍存疑。后期（45-46小时）讨论深化至系统性治理，普遍认为此类现象反映执法薄弱，建议通过法律、住建等多渠道解决，但伴随对监管效力的质疑。事件全程呈现""个案曝光→地域乱象批判→制度性反思""的递进脉络，情绪从愤怒逐渐转向无力感，凸显城市群租治理的深层矛盾。（199字）",0,"[0, 1, 2, 0, 1, 0, 0, 0, 0, 0, 0, 1, 0, 0, 0, 0, 1, 0, 0, 1, 1, 0, 0, 0, 0, 2, 1, 2, 0, 1, 0, 0, 0, 0, 0, 0, 0, 0, 0, 0, 0, 3, 30, 23, 14, 7]"
王宝宝出轨_最终事件描述,"**王宝宝出轨事件总述**  
事件始于狼人杀主播王宝宝被曝出轨，舆论初期聚焦其个人行为争议（如情商低、游戏表现差），随后迅速转向对其多次出轨的道德谴责，尤其对比金主“爱水水”的付出，负面情绪激增。中期讨论深入双方关系本质（被指“为钱结合”）及经济纠纷（如千万打赏、违约赔偿），同时关联人物（囚徒、JY等）和圈内利益（沪小主理人变动、大师赛退出）被频繁提及，呈现粉丝分化与行业生态反思。后期舆论呈现碎片化，既有对实锤证据（如录音、嫖娼质疑）的法律性质讨论，也有误认演员王宝强的猎奇传播，整体情绪从愤怒转向戏谑嘲讽。事件最终以王宝宝事业受挫（退出赛事、商业价值暴跌）和公众对其“软饭硬吃”形象的固化告终，反映出网红圈道德争议与资本捆绑的复杂生态。（198字）",1,"[1, 1, 1, 0, 0, 1, 0, 0, 0, 0, 0, 0, 0, 0, 0, 0, 0, 0, 0, 0, 0, 0, 1, 0, 0, 0, 0, 0, 0, 0, 0, 0, 0, 0, 0, 0, 0, 0, 0, 0, 0, 0, 0, 0, 0, 0, 0, 0, 0, 0, 1, 0, 0, 0, 0, 0, 0, 0, 0, 0, 0, 0, 0, 0, 0, 0, 1, 0, 0, 0, 0, 0, 1, 0, 0, 0, 1, 0, 0, 0, 1, 0, 0, 0, 0, 0, 0, 0, 0, 0, 0, 0, 0, 0, 0, 0, 0, 0, 0, 0, 0, 0, 0, 0, 0, 0, 0, 0, 0, 0, 0, 0, 0, 0, 0, 0, 0, 0, 0, 1, 0, 0, 0, 0, 0, 0, 0, 0, 0, 0, 0, 0, 0, 0, 0, 0, 0, 0, 0, 0, 0, 0, 0, 0, 0, 0, 0, 0, 0, 0, 0, 0, 0, 0, 0, 0, 0, 0, 0, 0, 0, 0, 0, 0, 0, 0, 0, 0, 0, 0, 0, 0, 0, 0, 0, 0, 0, 0, 0, 0, 0, 0, 0, 0, 0, 0, 0, 0, 0, 0, 0, 0, 0, 0, 0, 0, 0, 0, 0, 0, 0, 0, 0, 0, 0, 0, 0, 0, 0, 0, 0, 0, 0, 0, 0, 0, 0, 0, 0, 0, 0, 0, 0, 0, 0, 0, 0, 0, 0, 0, 0, 0, 0, 1, 0, 0, 0, 0, 0, 0, 0, 0, 0, 0, 0, 0, 0, 0, 0, 0, 0, 0, 0, 0, 0, 0, 0, 0, 0, 0, 0, 0, 0, 0, 0, 0, 0, 0, 0, 0, 0, 0, 0, 0, 0, 0, 0, 0, 0, 0, 0, 0, 0, 0, 0, 0, 0, 0, 0, 0, 0, 0, 0, 0, 0, 0, 0, 0, 0, 0, 0, 0, 0, 0, 0, 0, 0, 0, 0, 0, 0, 0, 0, 0, 0, 0, 0, 0, 0, 0, 0, 0, 0, 0, 0, 0, 0, 0, 0, 0, 0, 0, 0, 0, 0, 0, 0, 0, 0, 0, 0, 0, 0, 0, 0, 0, 0, 0, 0, 0, 0, 0, 0, 0, 0, 0, 0, 0, 0, 0, 0, 0, 0, 0, 0, 0, 0, 0, 0, 0, 0, 0, 0, 0, 0, 0, 0, 0, 0, 0, 0, 0, 0, 0, 0, 0, 0, 0, 0, 0, 0, 0, 0, 0, 0, 0, 0, 0, 0, 0, 0, 0, 0, 0, 0, 0, 0, 0, 0, 0, 0, 0, 0, 0, 0, 0, 0, 0, 0, 0, 0, 0, 0, 0, 0, 1, 0, 0, 0, 0, 0, 0, 0, 0, 0, 0, 0, 0, 0, 0, 0, 0, 0, 0, 0, 0, 0, 0, 0, 0, 0, 0, 0, 0, 0, 0, 0, 0, 0, 0, 0, 0, 0, 0, 0, 0, 0, 0, 0, 0, 0, 0, 0, 0, 0, 0, 0, 0, 0, 0, 0, 0, 0, 0, 0, 0, 0, 0, 0, 0, 0, 0, 0, 0, 0, 0, 0, 0, 0, 0, 0, 0, 0, 0, 0, 0, 0, 0, 0, 0, 0, 0, 0, 0, 0, 0, 0, 0, 0, 0, 0, 0, 0, 0, 0, 0, 0, 0, 0, 0, 0, 0, 0, 0, 0, 0, 0, 0, 0, 0, 0, 0, 0, 0, 0, 0, 0, 0, 0, 0, 0, 0, 0, 0, 0, 0, 0, 0, 0, 0, 0, 0, 0, 0, 0, 0, 0, 0, 0, 0, 0, 0, 0, 0, 0, 0, 0, 0, 0, 0, 0, 0, 0, 0, 0, 0, 0, 0, 0, 0, 0, 0, 0, 0, 0, 0, 0, 0, 0, 0, 0, 0, 0, 1, 0, 0, 0, 1, 0, 0, 0, 0, 0, 0, 0, 0, 0, 0, 0, 0, 0, 0, 0, 0, 1, 0, 0, 0, 0, 0, 0, 0, 0, 0, 0, 0, 0, 0, 0, 0, 0, 0, 0, 0, 0, 0, 1, 0, 0, 0, 0, 0, 0, 0, 0, 0, 0, 0, 0, 0, 0, 0, 0, 0, 0, 0, 0, 0, 0, 0, 0, 0, 0, 0, 0, 0, 0, 0, 0, 0, 0, 0, 0, 0, 0, 0, 0, 0, 0, 0, 0, 0, 0, 0, 0, 0, 0, 0, 0, 0, 0, 0, 0, 0, 0, 0, 0, 0, 0, 0, 0, 0, 0, 0, 0, 0, 0, 0, 0, 0, 0, 0, 0, 0, 0, 0, 0, 0, 0, 0, 0, 0, 0, 0, 0, 1, 0, 0, 1, 0, 1, 0, 0, 0, 0, 0, 0, 0, 0, 0, 0, 0, 0, 0, 0, 0, 0, 0, 0, 0, 0, 0, 0, 0, 0, 0, 0, 0, 0, 0, 0, 0, 0, 0, 0, 0, 0, 0, 0, 0, 0, 0, 0, 0, 0, 0, 0, 0, 0, 0, 0, 0, 0, 0, 0, 0, 0, 0, 0, 0, 0, 0, 0, 0, 0, 0, 0, 0, 0, 0, 0, 0, 0, 0, 0, 0, 0, 0, 0, 0, 0, 0, 0, 0, 0, 0, 0, 0, 0, 0, 0, 0, 0, 0, 0, 0, 0, 0, 0, 0, 0, 0, 0, 0, 0, 0, 0, 0, 1, 0, 0, 0, 0, 0, 0, 0, 0, 0, 0, 0, 0, 0, 0, 0, 0, 0, 0, 0, 0, 0, 0, 0, 0, 0, 0, 0, 0, 0, 0, 0, 0, 0, 0, 0, 0, 0, 0, 0, 0, 0, 0, 0, 0, 0, 0, 0, 0, 0, 0, 0, 0, 0, 0, 0, 0, 0, 0, 0, 0, 0, 0, 0, 0, 0, 0, 0, 0, 0, 0, 0, 0, 0, 0, 0, 0, 0, 0, 0, 0, 0, 0, 0, 0, 0, 0, 0, 0, 0, 0, 0, 0, 0, 0, 0, 0, 0, 0, 0, 0, 0, 0, 0, 0, 0, 0, 0, 0, 0, 0, 0, 0, 0, 0, 0, 0, 0, 0, 0, 0, 0, 0, 0, 0, 0, 0, 0, 0, 0, 0, 0, 0, 0, 0, 0, 0, 0, 0, 0, 0, 0, 0, 0, 0, 0, 0, 0, 0, 0, 0, 0, 0, 0, 0, 0, 0, 0, 0, 0, 0, 0, 0, 0, 0, 0, 0, 0, 0, 0, 0, 0, 0, 0, 0, 0, 0, 0, 0, 0, 0, 0, 0, 0, 0, 0, 0, 0, 0, 0, 0, 0, 0, 0, 0, 0, 0, 0, 0, 0, 0, 0, 0, 0, 0, 0, 0, 0, 0, 0, 0, 0, 0, 0, 0, 0, 0, 0, 0, 0, 0, 0, 0, 0, 0, 0, 0, 0, 0, 0, 0, 0, 0, 0, 0, 0, 0, 0, 0, 0, 0, 0, 0, 0, 0, 0, 0, 0, 0, 0, 0, 0, 0, 0, 0, 1, 0, 0, 0, 0, 0, 0, 0, 0, 0, 0, 0, 0, 1, 1, 1, 0, 1, 1, 0, 0, 0, 1, 0, 1, 0, 0, 0, 0, 1, 0, 0, 0, 0, 0, 0, 0, 0, 0, 0, 0, 0, 0, 0, 0, 0, 0, 0, 0, 0, 0, 0, 0, 0, 0, 0, 0, 0, 0, 0, 0, 0, 1, 0, 0, 0, 0, 0, 0, 0, 0, 0, 0, 0, 0, 0, 0, 1, 0, 0, 0, 0, 0, 0, 0, 0, 0, 0, 0, 0, 0, 0, 0, 0, 0, 0, 0, 0, 0, 0, 0, 1, 0, 1, 0, 0, 0, 0, 0, 0, 0, 0, 1, 0, 0, 0, 2, 0, 0, 0, 1, 0, 0, 0, 0, 2, 0, 0, 0, 0, 0, 1, 0, 0, 0, 0, 1, 0, 0, 1, 0, 0, 0, 0, 0, 0, 0, 1, 1, 1, 1, 1, 0, 0, 0, 0, 0, 0, 0, 1, 1, 0, 0, 1, 0, 0, 0, 0, 0, 1, 0, 0, 0, 0, 0, 1, 0, 0, 0, 0, 0, 0, 0, 0, 0, 0, 0, 0, 0, 1, 0, 0, 1, 0, 0, 0, 0, 0, 0, 0, 0, 0, 0, 0, 0, 0, 0, 0, 0, 0, 0, 0, 0, 0, 0, 0, 0, 0, 0, 1, 0, 0, 0, 0, 0, 1, 0, 0, 0, 0, 0, 0, 0, 0, 0, 0, 0, 0, 0, 0, 0, 0, 0, 0, 0, 0, 0, 0, 0, 1, 1, 0, 0, 1, 2, 0, 0, 0, 1, 1, 2, 0, 0, 1, 0, 1, 0, 1, 0, 0, 0, 2, 0, 0, 0, 0, 0, 0, 0, 0, 0, 0, 0, 0, 0, 0, 0, 0, 0, 0, 0, 0, 0, 3, 0, 0, 0, 0, 0, 0, 0, 1, 1, 2, 1, 0, 0, 0, 0, 0, 0, 0, 0, 0, 0, 0, 0, 0, 0, 0, 0, 0, 0, 0, 0, 0, 0, 0, 1, 0, 0, 0, 2, 0, 0, 0, 0, 0, 0, 0, 0, 0, 0, 0, 2, 0, 0, 0, 0, 0, 2, 4, 0, 0, 0, 0, 0, 1, 0, 0, 0, 0, 0, 0, 1, 0, 0, 1, 2, 2, 1, 0, 0, 0, 1, 1, 3, 3, 2, 1, 2, 2, 2, 1, 0, 1, 0, 0, 0, 0, 0, 0, 1, 1, 0, 1, 0, 1, 1, 0, 0, 1, 1, 1, 1, 0, 2, 3, 2, 0, 1, 2, 3, 2, 5, 0, 2, 1, 0, 0, 0, 1, 2, 1, 0, 2, 2, 5, 3, 2, 5, 2, 2, 2, 1, 3, 2, 2, 6, 10, 11, 6, 5, 1, 1, 2, 8, 11, 13, 8, 22, 21, 16, 16, 10, 13, 21, 145, 16]"
上海最窄人行道仅10厘米宽_最终事件描述,"上海最窄人行道（10厘米宽）事件持续发酵近700小时，舆论演变呈现三阶段特征：  
**初期（1-683小时）**，事件迅速成为民生痛点宣泄口，网民集中吐槽上海高房价、通勤矛盾及“烟火气”缺失，地域对比（如大阪、香港）与情绪分化（批评管理vs习惯性质疑）并存。  
**中期（684-693小时）**，讨论转向城市规划系统性批判，多地网友共鸣曝光类似乱象，衍生出路权分配、盲道失效等议题，但夹杂明星粉丝干扰等无关内容，热度分散。  
**后期（694-698小时）**，舆论聚焦历史规划与现代化需求的冲突，普遍质疑“形式主义设计”（如“猫行道”），虽部分理解老城改造难度，但强烈呼吁依据国标整改。核心矛盾始终围绕行人安全与城市治理积弊，暴露反馈机制失效与部门推诿问题，形成对公共空间权益的集体反思。（199字）",0,"[0, 0, 0, 0, 0, 0, 0, 0, 0, 0, 0, 0, 0, 0, 0, 0, 0, 0, 0, 0, 0, 0, 0, 0, 0, 0, 0, 0, 0, 0, 0, 0, 0, 0, 0, 0, 0, 0, 0, 0, 0, 0, 0, 0, 0, 0, 0, 0, 0, 0, 0, 0, 0, 0, 0, 1, 0, 0, 0, 0, 0, 0, 0, 0, 0, 0, 0, 0, 0, 0, 0, 0, 0, 0, 0, 0, 1, 0, 0, 0, 0, 0, 0, 0, 0, 0, 0, 0, 0, 0, 0, 0, 0, 0, 0, 0, 0, 0, 0, 0, 0, 0, 0, 0, 0, 0, 0, 0, 0, 0, 0, 0, 0, 0, 0, 0, 0, 0, 0, 0, 0, 0, 0, 0, 0, 0, 0, 0, 0, 0, 0, 0, 0, 0, 0, 0, 0, 0, 0, 0, 0, 0, 0, 0, 0, 0, 0, 0, 0, 0, 0, 0, 0, 0, 0, 0, 0, 0, 0, 0, 0, 0, 0, 0, 0, 0, 0, 0, 1, 0, 0, 0, 0, 0, 0, 0, 0, 0, 0, 0, 0, 0, 0, 0, 0, 0, 0, 0, 0, 0, 0, 0, 0, 0, 0, 0, 0, 0, 0, 0, 0, 0, 0, 0, 1, 0, 1, 0, 0, 0, 0, 0, 1, 1, 0, 0, 0, 0, 0, 0, 0, 0, 0, 0, 1, 0, 0, 0, 0, 0, 0, 0, 0, 0, 0, 0, 0, 0, 0, 0, 0, 1, 0, 0, 0, 0, 0, 1, 0, 1, 0, 0, 0, 0, 0, 1, 0, 0, 0, 0, 0, 0, 0, 0, 0, 0, 0, 0, 0, 0, 0, 0, 0, 1, 0, 0, 0, 0, 0, 0, 0, 0, 0, 0, 0, 0, 0, 0, 0, 0, 0, 0, 0, 0, 0, 0, 0, 0, 0, 0, 1, 0, 0, 0, 0, 0, 0, 0, 0, 0, 0, 1, 0, 0, 0, 0, 0, 0, 0, 0, 0, 0, 1, 0, 0, 0, 0, 0, 0, 0, 1, 0, 0, 0, 0, 0, 0, 0, 0, 0, 0, 0, 0, 0, 0, 0, 0, 0, 0, 0, 0, 0, 0, 0, 0, 0, 0, 0, 0, 0, 0, 0, 0, 0, 0, 0, 0, 0, 0, 0, 0, 0, 0, 0, 1, 0, 0, 0, 0, 0, 0, 0, 0, 0, 0, 0, 0, 0, 0, 1, 0, 0, 0, 0, 0, 0, 0, 0, 0, 0, 0, 0, 0, 0, 0, 0, 0, 0, 0, 0, 0, 0, 0, 0, 0, 1, 1, 0, 0, 0, 1, 0, 0, 0, 0, 0, 0, 0, 0, 0, 0, 0, 0, 0, 0, 2, 0, 0, 0, 0, 0, 0, 0, 0, 0, 0, 0, 0, 0, 0, 0, 0, 0, 0, 0, 0, 0, 0, 0, 0, 0, 0, 0, 0, 0, 0, 0, 0, 0, 0, 0, 0, 0, 0, 0, 0, 0, 0, 0, 0, 0, 0, 0, 0, 0, 0, 0, 0, 0, 0, 1, 0, 0, 0, 0, 0, 0, 0, 0, 0, 0, 0, 0, 0, 0, 0, 0, 0, 0, 0, 0, 0, 0, 0, 0, 0, 0, 0, 0, 0, 0, 0, 0, 0, 0, 0, 1, 0, 0, 0, 0, 0, 0, 0, 0, 1, 0, 0, 0, 0, 0, 0, 0, 0, 0, 0, 0, 0, 0, 0, 0, 1, 0, 0, 0, 0, 0, 0, 1, 2, 1, 0, 0, 0, 0, 0, 0, 0, 0, 0, 0, 0, 0, 0, 0, 0, 0, 0, 0, 0, 0, 0, 0, 0, 0, 1, 0, 0, 0, 0, 0, 0, 0, 0, 0, 0, 1, 0, 0, 0, 0, 1, 0, 1, 0, 0, 0, 0, 0, 0, 2, 0, 0, 0, 0, 0, 0, 0, 0, 0, 0, 0, 0, 0, 0, 0, 0, 0, 0, 0, 0, 0, 0, 0, 0, 0, 0, 0, 0, 0, 0, 0, 0, 0, 0, 0, 0, 0, 1, 1, 0, 0, 0, 0, 0, 0, 1, 1, 2, 0, 0, 0, 0, 0, 0, 0, 0, 0, 1, 0, 1, 2, 0, 0, 1, 0, 0, 1, 0, 0, 0, 0, 2, 4, 2, 7, 3, 1, 1, 1, 0, 1, 2, 6, 21, 42, 36, 16]"
乐事薯片被曝含致癌添加剂_最终事件描述,乐事薯片被曝含致癌添加剂事件在100余小时内持续发酵，舆论呈现明显的两极分化与动态演变。初期（1-4小时）消费者情绪迅速分化，震惊、愤怒与调侃并存，食品安全焦虑初步显现；中期（5-94小时）争议焦点转向剂量安全性与监管合理性，理性派（“剂量决定毒性”）与担忧派（“长期累积风险”）形成拉锯，同时云南地方品牌作为替代品被频繁推荐；后期（95-111小时）讨论升级为对行业共性问题及国内外标准差异的质疑，舆情从单一品牌事件扩散至整体食品安全信任危机。尽管品牌方强调“符合国标”，但公众对监管滞后的不满持续加深，代际差异凸显（家长群体更焦虑），最终形成健康恐慌与科学认知对抗、情绪宣泄与消费惯性并存的复杂局面。事件暴露出消费者对食品添加剂长期存在的认知割裂与系统性不信任。,1,"[0, 0, 1, 0, 0, 0, 1, 0, 0, 0, 0, 0, 0, 0, 0, 2, 1, 1, 1, 0, 1, 0, 0, 0, 1, 0, 0, 0, 0, 0, 0, 0, 0, 0, 0, 0, 2, 0, 0, 0, 0, 0, 0, 0, 0, 1, 0, 0, 1, 2, 0, 0, 0, 0, 0, 0, 0, 0, 0, 0, 0, 0, 0, 0, 0, 1, 0, 0, 0, 1, 0, 1, 0, 0, 0, 1, 1, 0, 0, 0, 1, 0, 0, 0, 1, 0, 0, 0, 0, 0, 0, 0, 3, 16, 60, 64, 85, 53, 61, 54, 31, 27, 13, 16, 12, 44, 104, 164, 203, 177, 54]"
24-5江西一楼房发生爆炸有人员伤亡_最终事件描述,24-5江西一楼房爆炸事件发生后，舆论迅速聚焦于电动车充电隐患与公共安全管理问题。初期（1-3小时），评论以震惊和悲痛为主，多推测电动车充电引发火灾，并质疑防盗窗阻碍逃生、一楼伤亡的不可思议。中期（4-12小时），讨论深化至物业监管缺位、消防设施失效及自救知识不足，情绪转为愤怒与焦虑，呼吁加强立法和充电桩建设。后期（13-174小时），舆论持续追问责任，对比城乡安全差异，并围绕逃生策略（如待援还是逃离）产生争议。整体趋势显示，事件从个案反思演变为对城市消防系统漏洞的广泛批判，电动车管理成为核心矛盾，公众情绪从悲痛转向问责，凸显对安全管理的迫切需求。,1,"[7, 159, 422, 222, 129, 124, 114, 28, 16, 9, 9, 0, 7, 0, 0, 1, 7, 4, 7, 2, 2, 5, 3, 5, 5, 1, 4, 3, 1, 3, 2, 5, 8, 1, 6, 0, 0, 0, 1, 0, 0, 0, 1, 0, 0, 1, 2, 2, 0, 1, 0, 2, 1, 1, 0, 0, 0, 0, 2, 0, 0, 0, 0, 0, 0, 1, 0, 1, 0, 0, 1, 0, 0, 1, 0, 1, 0, 0, 0, 1, 0, 0, 0, 1, 0, 0, 0, 0, 0, 0, 0, 0, 0, 0, 0, 1, 0, 0, 0, 0, 0, 0, 0, 1, 0, 0, 0, 0, 0, 0, 0, 0, 0, 0, 1, 0, 0, 0, 0, 0, 0, 0, 0, 0, 0, 0, 0, 0, 0, 0, 0, 0, 0, 0, 0, 0, 0, 0, 0, 0, 0, 0, 0, 0, 0, 0, 0, 0, 0, 0, 0, 0, 0, 0, 0, 0, 0, 0, 0, 1, 0, 0, 0, 0, 0, 0, 0, 0, 0, 0, 0, 0, 0, 0, 0]"
爷爷为夺回孙子被人贩踩出眼珠_最终事件描述,"**事件总描述：**  
该事件因“入室抢婴”的恶性细节（如爷爷被踩出眼珠）引发持续300余小时的舆论风暴，整体呈现“愤怒主导、诉求严惩”的鲜明态势。初期（1-278小时），舆论聚焦案件暴行与破案迟缓，超90%评论呼吁“死刑”“买卖同罪”，并衍生对农村治安、近亲结婚的讨论。中期（279-292小时），情绪转向愤怒与感动交织，既有对人贩的极端惩处诉求（如凌迟），也有对受害者家庭及寻亲者的共情，同时出现历史类比与信息混乱。后期（293-301小时），随着庭审细节曝光（如人贩抖腿无忏悔），民愤达峰值，要求“从重从快”判决的声浪高涨，并延伸至对法律威慑力不足、买家追责的质疑。受害者家庭18年的创伤（如孩子成聋哑人）成为共情核心，推动对拐卖犯罪社会危害的深度反思。事件始终围绕“司法严惩”与“制度完善”两大诉求，凸显公众对恶性拐卖零容忍的集体情绪。",1,"[0, 0, 0, 0, 0, 0, 0, 0, 0, 0, 0, 0, 0, 0, 0, 0, 1, 0, 0, 0, 0, 0, 0, 0, 0, 0, 0, 0, 0, 0, 0, 0, 1, 0, 0, 0, 0, 0, 0, 0, 1, 0, 0, 0, 0, 0, 0, 0, 0, 0, 0, 0, 1, 0, 0, 0, 0, 1, 0, 0, 0, 1, 2, 0, 0, 0, 0, 0, 0, 0, 0, 0, 0, 0, 0, 0, 1, 0, 0, 0, 0, 0, 0, 0, 0, 0, 0, 0, 0, 0, 0, 0, 0, 0, 0, 0, 0, 0, 0, 0, 0, 1, 0, 0, 0, 0, 0, 0, 0, 0, 0, 0, 0, 0, 0, 0, 0, 0, 0, 0, 0, 0, 0, 0, 0, 0, 1, 0, 1, 0, 0, 0, 0, 0, 0, 0, 0, 0, 0, 1, 0, 0, 0, 0, 0, 0, 0, 0, 0, 0, 0, 0, 0, 0, 0, 0, 1, 1, 0, 0, 0, 0, 0, 0, 0, 0, 0, 1, 0, 0, 0, 0, 2, 0, 1, 0, 0, 0, 1, 0, 0, 0, 0, 0, 3, 1, 3, 0, 0, 0, 0, 0, 0, 0, 0, 0, 0, 0, 0, 0, 0, 1, 0, 0, 0, 1, 0, 0, 0, 0, 4, 1, 0, 0, 4, 0, 0, 0, 0, 0, 0, 1, 1, 0, 0, 2, 0, 0, 1, 1, 0, 0, 0, 1, 1, 0, 0, 0, 0, 0, 0, 0, 0, 0, 0, 0, 2, 2, 3, 4, 1, 1, 0, 4, 6, 2, 10, 8, 4, 5, 7, 0, 0, 1, 1, 0, 0, 0, 2, 3, 6, 5, 8, 6, 6, 7, 5, 3, 4, 8, 10, 6, 3, 8, 5, 7, 1, 0, 0, 0, 0, 3, 12, 9, 11, 22, 39, 37, 69, 127, 171]"
小米SU7高速碰撞爆燃事件细节_最终事件描述,"**小米SU7高速碰撞爆燃事件整体描述**  
事件始于车辆高速碰撞后爆燃，3人遇难，随后72小时内舆论快速分化并持续发酵。初期（1-51小时）以调侃和生态宣传为主，后期转向技术争议与责任博弈。核心焦点包括：  
1. **责任争议**：智驾系统（AEB失效、2秒接管提示过短）与驾驶员操作（分心、未及时接管）的归责拉锯，伴随对车门锁死、电池爆燃等安全设计的质疑；  
2. **舆论分化**：家属诉求与车企回应矛盾激化，支持者呼吁等待调查，反对者批评小米“控评避责”，品牌对立（如小米vs华为）与情绪化攻击加剧；  
3. **行业反思**：电车安全性（电池燃速、逃生机制）、智驾技术边界（L2级功能宣传过度）及法规缺失成为普遍讨论议题。  
事件呈现“技术缺陷VS人为因素”的核心矛盾，警方结论未出前，舆论场持续撕裂，凸显公众对智能汽车安全性与透明度的深层焦虑。（199字）",1,"[0, 0, 1, 1, 0, 0, 0, 1, 1, 2, 0, 1, 0, 1, 0, 1, 0, 0, 0, 0, 0, 0, 0, 1, 3, 1, 0, 0, 0, 1, 0, 0, 0, 0, 0, 0, 0, 0, 0, 0, 0, 0, 0, 0, 0, 0, 0, 0, 0, 1, 0, 29, 89, 99, 60, 49, 67, 63, 67, 61, 76, 78, 49, 29, 12, 7, 9, 8, 16, 51, 61, 79, 72, 62, 75, 104, 148, 131]"
17岁女生威海_最终事件描述,"17岁女生威海事件是一起由性侵案件引发的社会舆论风暴，其发展呈现明显的阶段性特征。事件初期（1-9小时），舆论迅速聚焦于对受害者的情感支持，高频词""勇敢""""抱抱""反映强烈的共情，同时愤怒指向施暴者，安全焦虑开始蔓延。中期（10-24小时）进入深度发酵，核心矛盾转向司法争议（""四年刑期""被普遍质疑过轻）和家庭支持缺失（父亲言论引发批评），女性安全议题成为讨论焦点，地域标签（威海/山东）与性别对立苗头显现。后期（25-317小时）舆论持续分化：一方面支持者持续声援受害者并呼吁法律改革，另一方面出现真实性质疑（缺乏官方通报），地域争议扩大化。整体呈现从个案讨论到社会安全反思的升级路径，情绪以愤怒、恐惧为主，最终推动性别暴力、司法公正等系统性议题进入公共视野。事件暴露出未成年人保护机制缺陷和社会安全信任危机，形成持续性的社会影响。",0,"[0, 1, 2, 3, 6, 5, 5, 3, 4, 1, 3, 3, 6, 0, 7, 4, 3, 3, 10, 23, 29, 9, 8, 9, 12, 3, 3, 2, 3, 0, 5, 13, 4, 4, 4, 3, 0, 0, 1, 4, 3, 4, 0, 0, 0, 1, 1, 2, 1, 2, 3, 1, 2, 1, 1, 2, 0, 1, 0, 0, 0, 0, 4, 1, 0, 1, 2, 1, 0, 1, 0, 0, 2, 3, 2, 1, 4, 0, 0, 0, 0, 1, 0, 0, 0, 0, 0, 0, 0, 0, 0, 1, 1, 1, 0, 0, 0, 0, 0, 1, 1, 0, 0, 0, 0, 0, 0, 0, 0, 0, 0, 0, 0, 0, 0, 0, 0, 0, 0, 0, 0, 0, 0, 0, 0, 0, 1, 0, 1, 0, 1, 0, 0, 0, 0, 0, 0, 0, 0, 0, 0, 0, 0, 0, 1, 0, 0, 0, 0, 0, 0, 0, 0, 0, 0, 0, 0, 0, 0, 0, 0, 1, 0, 0, 0, 0, 0, 0, 0, 0, 0, 0, 0, 0, 0, 0, 0, 0, 0, 0, 0, 0, 0, 0, 0, 1, 0, 0, 0, 0, 0, 0, 0, 0, 0, 0, 0, 1, 0, 0, 0, 0, 0, 0, 0, 0, 0, 0, 0, 0, 0, 0, 0, 0, 0, 0, 0, 0, 0, 0, 0, 0, 0, 0, 0, 0, 0, 0, 0, 0, 0, 0, 0, 0, 0, 0, 0, 0, 0, 0, 0, 0, 0, 0, 0, 0, 0, 0, 0, 0, 0, 0, 0, 0, 0, 0, 0, 0, 0, 0, 0, 0, 0, 0, 0, 0, 0, 0, 0, 0, 0, 0, 0, 0, 0, 0, 0, 0, 0, 0, 0, 0, 0, 0, 0, 0, 0, 0, 0, 0, 0, 0, 0, 0, 0, 0, 0, 0, 0, 0, 0, 0, 0, 0, 0, 0, 0, 0, 0, 0, 0, 0, 0, 0, 0, 0, 0]"
网红女骑士石膏发生车祸身亡_最终事件描述,网红女骑士“石膏”车祸身亡事件在24小时内迅速发酵，舆论呈现明显的阶段性演变。初期（1-6小时）以震惊、惋惜和安全警示为主，网友普遍反思摩托车“肉包铁”的高风险性，呼吁“控制右手”；中期（7-18小时）争议激化，舆论两极分化：一方谴责危险驾驶、超速及网红骑行文化（如“骑逝精神”等黑色幽默），另一方则关注年轻生命逝去的悲剧，同时事故细节（如150km/h超速、后座乘客身份）引发责任归属讨论；后期（19-42小时）转向对行业乱象的深度反思，关联多名机车网红身亡案例，批判平台流量导向、家长监管缺失及摩托车管理漏洞，禁摩呼声渐起。整体呈现从个体悲剧到公共安全议题的升级，情绪从哀悼转向批判，最终聚焦于对网红危险驾驶文化与交通治理的系统性质疑。（199字）,1,"[1, 1, 8, 12, 90, 39, 7, 7, 7, 12, 31, 35, 44, 59, 80, 70, 45, 44, 73, 85, 44, 31, 26, 28, 15, 15, 27, 42, 43, 50, 32, 33, 21, 9, 9, 14, 20, 17, 23, 15, 9, 5, 0, 1, 0, 0, 1, 2, 2, 1, 1, 2, 0, 1, 2, 3, 5, 0, 2, 2, 4, 2, 4, 4, 1, 0, 0, 0, 0, 1, 0, 1, 0, 0, 0, 2, 0, 0, 0, 0, 0, 0, 0, 0, 0, 0, 0, 0, 0, 0, 0, 0, 0, 0, 0, 0, 0, 0, 1, 0, 1, 0, 0, 0, 0, 0, 0, 0, 0, 0, 1, 0, 0, 1, 0, 0, 0, 1, 0, 0, 0, 0, 0, 0, 0, 0, 0, 0, 0, 0, 0, 0, 0, 0, 0, 0, 0, 0, 0, 0, 0, 0, 0, 0, 0, 1, 0, 0, 0, 0, 0, 0, 0, 0, 0, 0, 0, 0, 0, 0, 1, 0, 0, 0, 0, 0, 1, 0, 0, 0, 0, 0, 0, 0, 0, 0, 0, 0, 0, 0, 0, 0, 0, 0, 0, 0, 0, 0, 0, 0, 0, 0, 0, 0, 0, 0, 0, 0, 0, 0, 0, 0, 0, 0, 0, 0, 0, 0, 0, 0, 0, 0, 0, 0, 0, 0, 0, 0, 0, 0, 0, 0, 0, 0, 0, 0, 0, 0, 0, 0, 0, 0, 0, 0, 0, 0, 0, 0, 0, 0, 0, 0, 0]"
李玉刚道歉_最终事件描述,李玉刚道歉事件源于其在许嵩演唱会上作为嘉宾表演《新贵妃醉酒》时，因高难度戏腔段落频繁递麦让观众合唱，引发“划水”“互动设计不当”争议。事件初期（1-6小时）舆论以粉丝支持为主，强调其艺术诚意与身体状态，氛围温和；随后（7-12小时）争议渐显，批评者对比伍佰式互动，指出歌曲传唱度低导致现场尴尬。中期（13-24小时）舆论两极分化加剧，支持方呼吁理解互动初衷，反对方聚焦表演专业性缺失，质疑借机宣传个唱，并衍生对嘉宾职责的讨论。后期（25-48小时）负面声量主导，观众不满“全程递麦”“道歉夹带私货”，嘲讽性调侃（如“贵妃躲酒”“学伍佰翻车”）扩散，连带波及许嵩粉丝矛盾。事件从表演争议升级为公众对艺人职业态度的质疑，虽有个别理性声音，但核心矛盾始终围绕“互动合理性与演出诚意”的失衡，最终演变为形象危机。,1,"[1, 1, 5, 4, 4, 1, 3, 6, 9, 5, 9, 11, 6, 9, 17, 14, 47, 69, 41, 50, 36, 44, 30, 19, 19, 10, 9, 9, 5, 6, 17, 25, 21, 12, 26, 3, 5, 4, 4, 6, 1, 6, 8, 1, 0, 0, 1, 2, 0, 0, 1, 0, 0, 1, 0, 1, 8, 5, 2, 5, 2, 2, 3, 5, 2, 2, 1, 4, 6, 4, 3, 2, 2, 2, 0, 1, 0, 0, 0, 1, 0, 0, 1, 1, 0, 0, 0, 0, 0, 0, 0, 2, 1, 2, 0, 3, 2, 1, 1, 0, 0, 0, 0, 3, 2, 0, 2, 2, 0, 1, 1, 0, 0, 0, 0, 0, 0, 0, 0, 0, 0, 0, 0, 0, 0, 0, 0, 0, 0, 0, 0, 0, 0, 0, 1, 0, 0, 0, 0, 0, 1, 0, 0, 0, 0, 0, 0, 0, 0, 0, 0, 0, 0, 0, 0, 0, 0, 0, 1, 0, 0, 1, 0, 0, 0, 1, 0, 0, 1, 0, 0, 0, 0, 0, 0, 0, 0, 0, 0, 0, 0, 0, 0, 0, 0, 0, 0, 0, 0, 0, 0, 1, 1, 0, 0, 0, 0, 0, 0, 0, 0, 0, 0, 0, 0, 0, 0, 0, 0, 0, 0, 0, 0, 0, 0, 0, 0, 0, 0, 0, 0, 0, 0, 0, 0, 1, 0, 0, 0, 0, 0, 0, 0, 0, 0, 0, 0, 1, 0, 0, 0, 0, 0, 0, 0, 0, 0, 0, 0, 0, 0, 0, 0, 0, 0, 0, 0, 1, 0, 0, 0, 0, 0, 0, 0, 0, 0, 0, 0, 0, 0, 0, 0, 0, 0, 0, 0, 0, 0, 0, 0, 0, 0, 0, 0, 0, 0, 0, 0, 1, 0, 0, 0, 0, 0, 0, 0, 0, 0, 0, 0, 0, 0, 0, 0, 0, 0, 1, 0, 0, 0, 0, 0, 0, 0, 0, 0, 0, 0, 0, 0, 0, 0, 0, 0, 0, 0, 0, 0, 0, 0, 0, 0, 0, 0, 0, 0, 0, 0, 0, 0, 0, 0, 1, 0, 0, 0, 0, 0, 0, 0, 0, 0, 0, 0, 0, 0, 0, 0, 0, 0, 0, 0, 0, 0, 1, 0, 0, 0, 0, 0, 0, 0, 0, 0, 0, 0, 0, 0, 0, 0, 0, 0, 0, 0, 0, 0, 1, 0, 0, 0, 0, 0, 0, 0, 0, 0, 0, 0, 0, 0, 0, 0, 0, 0, 0, 0, 0, 0, 0, 0, 0, 0, 0, 0, 0, 0, 0, 0, 0, 0, 1, 0, 0, 0, 0, 0, 0, 0, 0, 0, 0, 0, 0, 0, 0, 0, 0, 0, 0, 0, 0, 0]"
假冒媒体杜撰网文被立案侦查_最终事件描述,"**事件总描述：**  
假冒媒体杜撰网文被立案侦查事件始于粉丝伪造人民网等官媒报道，为涉事艺人（秦霄贤）辩护，迅速引发舆论震荡。初期（1-12小时），公众震惊于伪造行为的法律风险，支持受害者维权，谴责饭圈失控，情绪以愤怒和嘲讽为主。中期（13-36小时），焦点转向艺人责任，秦霄贤的沉默加剧质疑，连带德云社风评受损；讨论从娱乐八卦升级为对饭圈乱象、法律红线的反思，伪造公文、AI造假等细节被深挖。后期（37小时以降），舆论分化明显：一方要求严惩造假产业链，呼吁“清朗行动”深化；另一方质疑事件动机或淡化影响。警方介入后，事件核心转向法律问责，公众期待官方结果以震慑行业乱象。整体呈现从情绪化谴责到理性求证的演变，凸显饭圈文化失控与网络法治建设的矛盾。（198字）",1,"[0, 64, 131, 14, 8, 6, 10, 14, 17, 17, 16, 20, 3, 6, 5, 14, 16, 58, 78, 73, 70, 79, 28, 19, 18, 26, 15, 9, 21, 23, 14, 11, 11, 32, 44, 21, 16, 8, 6, 10, 31, 45, 103, 73, 25, 6, 11, 10, 26, 20, 54, 84, 24, 10, 3, 4, 2, 1, 1, 0, 0, 0, 0, 0, 0, 0, 0, 0, 1, 0, 0, 1, 1, 1, 4, 3, 3, 2, 2, 2, 2, 3, 1, 0, 1, 0, 0, 2, 3, 1, 0, 2, 1, 1, 1, 0, 0, 0, 1, 0, 1, 1, 1, 2, 0, 0, 1, 0, 1, 0, 0, 0, 0, 0, 1, 0, 0, 0, 0, 0, 0, 0, 1, 0, 1, 1, 1, 0, 1, 0, 0, 0, 0, 0, 0, 0, 0, 0, 0, 0, 0, 0, 1, 0, 0, 1, 0, 0, 1, 0, 0, 0, 0, 0, 0, 0, 0, 0, 0, 0, 0, 0, 0, 0, 0, 0, 0, 1, 0, 0, 0, 0, 0, 0, 0, 0, 0, 0, 0, 0, 0, 0, 0, 0, 0, 1, 0, 0, 0, 0, 0, 0, 0, 0, 0, 0, 0, 0, 0, 0, 0, 0, 0, 0, 0, 0, 0, 0, 0, 0, 0, 0, 0, 0, 0, 0, 0, 0, 0, 0, 0, 0, 0, 0, 0, 0, 0, 0, 0, 0, 0, 0, 0, 0, 0, 0, 0, 0, 0, 0, 0, 0, 0, 0, 0, 0, 0, 0, 0, 0, 0, 0, 0, 0, 0, 0, 0, 0, 0, 0, 0, 0, 0, 0, 0, 0, 1, 0, 0, 0, 0, 0, 0, 0, 0, 0, 0, 0, 0, 0, 0, 0, 0, 0, 0, 0, 0, 0, 0, 0, 0, 0, 0, 0, 0, 0, 0, 0, 0, 0, 0, 0, 0, 0, 0, 0, 0, 0, 0, 0, 0, 1, 0, 0, 0, 0, 0, 0, 1, 0, 0, 0, 0, 0, 0, 0, 0, 0, 0, 0, 0, 0, 0, 0, 0, 0, 0, 0, 0, 0, 0, 0, 0, 0, 0, 0, 1, 0, 0, 0, 0, 0, 0, 0, 0, 0, 0, 0, 0, 0, 0, 0, 0, 0, 0, 0, 0, 0, 0, 0, 0, 0, 0, 0, 0, 0, 0, 1, 0, 0, 0, 0, 0, 0, 0, 0, 0, 0, 0, 0, 0, 0, 0, 0, 0, 0, 0, 0, 0, 0, 1, 0, 0, 0, 0, 0, 0, 0, 0, 0, 0, 0, 0, 0, 0, 0, 0, 0, 0, 0, 0, 0, 0, 0, 0, 0, 0, 0, 0, 0, 0, 0, 0, 0, 0, 0, 0, 0, 0, 0, 0, 0, 0, 0, 0, 0, 0, 0, 0, 0, 0, 0, 1, 0, 0, 0, 1, 0, 0, 0, 0]"
青岛地铁_最终事件描述,"青岛地铁事件舆论呈现典型的“反转-反思”模式，整体发展可分为三阶段：  
1. **爆发期（1-40小时）**：片段视频显示老人殴打年轻人，舆论集中谴责“倚老卖老”与旁观者冷漠，情绪以愤怒为主，延伸至社会道德滑坡、法律偏袒等议题，出现“取消老年卡”等极端言论。  
2. **反转期（40-64小时）**：警方通报证实年轻人挑衅在先，舆论迅速转向，30%以上声音批评媒体断章取义，焦点转为真相核实与造谣追责，出现“见义勇为”辩护与对自媒体操纵流量的反思。  
3. **沉淀期（64小时后）**：完整视频曝光推动理性讨论，公众聚焦信息真实性、执法透明度及网络暴力危害，核心矛盾从个体冲突升级为对自媒体乱象的集体声讨，最终形成“未知全貌不予置评”的共识。  

事件本质是公众在碎片化信息环境下对真相探寻与社会信任重建的典型样本。",0,"[0, 0, 0, 0, 0, 1, 2, 2, 8, 8, 4, 5, 4, 8, 5, 10, 3, 5, 3, 3, 1, 1, 2, 1, 0, 1, 1, 1, 0, 0, 1, 1, 0, 0, 1, 2, 2, 2, 0, 2, 0, 0, 1, 1, 2, 2, 1, 1, 1, 2, 1, 1, 1, 2, 4, 3, 3, 2, 6, 11, 7, 10, 4, 6, 2, 2, 4, 0, 1, 3, 0, 3, 1, 0, 3, 1, 2, 3, 4, 7, 0, 2, 1, 1, 2, 2, 0, 1, 1, 0, 3, 6, 2, 4, 6, 3, 2, 3, 5, 9, 8, 10, 6, 8, 5, 5, 3, 1, 1, 3, 3, 3, 2, 2, 0, 0, 0, 0, 1, 0, 0, 1, 0, 0, 1, 0, 0, 0, 1, 0, 1, 0, 0, 0, 0, 1, 0, 0, 0, 0, 0, 1, 0, 0, 0, 0, 0, 0, 0, 0, 0, 0, 0, 0, 0, 0, 0, 0, 0, 0, 0, 0, 1, 0, 1, 0, 1, 0, 0, 0, 0, 0, 1, 0, 1, 1, 0, 0, 1, 0, 0, 0, 1, 0, 1, 0, 0, 0, 0, 0, 0, 0, 0, 0, 0, 0, 0, 0, 0, 0, 0, 0, 0, 0, 0, 0, 0, 0, 0, 0, 0, 0, 0, 0, 0, 0, 0, 0, 0, 0, 0, 0, 0, 0, 0, 0, 1, 0, 0, 0, 0, 0, 0, 0, 0, 0, 0, 0, 0, 0, 0, 0, 0, 0, 0, 0, 0, 0, 0, 0, 0, 0, 0, 0, 0, 0, 0, 1, 0, 0, 0, 0, 0, 0, 0, 0, 0, 1, 0, 0, 1, 0, 1, 0, 0, 0, 0, 0, 0, 0, 0, 0, 0, 0, 1, 0, 0, 0, 0, 0, 0, 0, 0, 0, 1, 0, 0, 0, 0, 0, 0, 0, 0, 0, 0, 0, 0, 0, 1, 0, 0, 0, 0, 0, 0, 0, 0, 0, 0, 0, 0, 0, 0, 0, 0, 0, 0, 0, 0, 0, 0, 0, 0, 0, 0, 0, 0, 0, 0, 0, 0, 0, 0, 0, 0, 1, 0, 0, 0, 0, 0, 0, 0, 0, 0, 0, 0, 0, 0, 0, 0, 0, 0, 0, 0, 0, 0, 0, 0, 0, 0, 0, 0, 0, 0, 0, 0, 0, 0, 0, 0, 0, 0, 0, 0, 0, 0, 0, 0, 0, 0, 1, 0, 0, 0, 0, 0, 0, 0, 0, 0, 0, 0, 0, 0, 1, 0, 0, 0, 0, 0, 0, 0, 0, 0, 0, 0, 0, 0, 0, 0, 0, 0, 0, 0, 0, 0, 0, 0, 0, 0, 0, 0, 0, 0, 0, 0, 0, 0, 0, 0, 0, 0, 0, 0, 1, 0, 0, 0, 0, 0, 0, 0, 0, 0, 0, 0, 0, 0, 0, 0, 0, 0, 0, 0, 0, 0, 0, 0, 0, 0, 0, 0, 0, 0, 0, 0, 0, 0, 0, 0, 0, 0, 0, 0, 0, 0, 0, 0, 0, 0, 0, 0, 0, 0, 1, 0, 0, 0, 0, 0, 0, 0, 0, 0, 0, 0, 0, 0, 0, 0, 0, 0, 0, 0, 0, 0, 0, 0, 0, 0, 0, 0, 0, 0, 0, 0, 0, 0, 0, 0, 1, 0, 0, 0, 0, 0, 1, 0, 0, 0, 0, 0, 0, 0, 0, 0, 0, 0, 0, 0, 0, 0, 0, 0, 0, 0, 0, 0, 0, 0, 0, 0, 0, 0, 0, 0, 0, 0, 0, 0, 0, 0, 0, 0, 0, 0, 0, 0, 0, 0, 1, 0, 0, 0, 1, 1, 0, 1, 0, 1, 1, 1, 0, 1, 0, 0, 0, 0, 1, 0, 0, 0, 0, 0, 0, 0, 0, 0, 0, 0, 0, 0, 0, 1, 0, 0, 0, 0, 0, 0, 0, 0, 0, 0, 0, 0, 0, 0, 0, 0, 0, 0, 0, 0, 0, 0, 0, 0, 1, 0, 0, 1, 0, 0, 0, 0, 0, 0, 0, 0, 0, 0, 0, 0, 0, 0, 0, 0, 0, 0, 0, 0, 0, 0, 0, 0, 0, 0, 0, 0, 0, 0, 0, 0, 0, 0, 0, 0, 0, 0, 0, 0, 0, 0, 0, 0, 0, 0, 0, 0, 0, 0, 0, 0, 0, 0, 0, 0, 0, 0, 0, 0, 0, 0, 0, 0, 0, 0, 0, 0, 0, 0, 0, 0, 0, 0, 0, 0, 0, 0, 0, 0, 0, 0, 0, 0, 0, 0, 0, 0, 0, 0, 0, 0, 0, 1, 0, 0, 0, 0, 0, 0, 0, 0, 0, 0, 0, 0, 0, 0, 0, 0, 0, 0, 0, 0, 0, 0, 0, 0, 0, 0, 0, 0, 0, 0, 0, 0, 0, 0, 0, 0, 0, 0, 0, 0, 0, 0, 0, 0, 0, 0, 0, 0, 0, 0, 0, 0, 0, 0, 0, 0, 0, 0, 0, 0, 0, 0, 0, 0, 0, 0, 0, 0, 0, 0, 0, 0, 0, 0, 0, 0, 0, 0, 0, 0, 0, 0, 0, 0, 0, 0, 0, 0, 0, 0, 0, 0, 0, 0, 0, 0, 0, 0, 0, 0, 0, 0, 0, 0, 0, 0, 0, 0, 0, 0, 0, 0, 0, 0, 0, 0, 0, 0, 0, 0, 0, 0, 0, 0, 0, 0, 0, 0, 0, 0, 0, 0, 0, 0, 0, 0, 0, 0, 0, 0, 0, 0, 0, 0, 0, 0, 0, 0, 0, 0, 0, 0, 0, 0, 0, 0, 0, 0, 0, 0, 0, 0, 0, 0, 0, 0, 0, 0, 0, 0, 0, 0, 0, 0, 0, 0, 0, 0, 0, 0, 0, 0, 0, 0, 0, 0, 0, 0, 0, 0, 0, 0, 0, 0, 0, 0, 0, 0, 0, 0, 0, 0, 0, 0, 0, 0, 0, 0, 0, 0, 0, 0, 0, 0, 0, 0, 0, 0, 0, 0, 0, 0, 0, 0, 0, 0, 0, 0, 0, 0, 0, 0, 0, 0, 0, 0, 0, 0, 0, 0, 0, 0, 0, 0, 0, 0, 0, 0, 0, 0, 0, 0, 0, 0, 0, 0, 0, 0, 0, 0, 0, 0, 0, 0, 0, 0, 0, 0, 0, 0, 0, 0, 0, 0, 0, 0, 0, 0, 0, 0, 0, 0, 0, 0, 0, 0, 0, 0, 0, 0, 0, 0, 0, 0, 0, 0, 0, 0, 0, 0, 0, 0, 0, 0, 0, 0, 0, 0, 0, 0, 1]"
1万元皮草机洗烘干后报废了_最终事件描述,"**事件总述：**  
1万元皮草机洗烘干报废事件在近700小时的舆论发酵中，呈现出从争议到泛化的演变趋势。初期（1-679小时），舆论核心聚焦于皮草护理常识与行业乱象，大量用户批评机洗行为并揭露直播间消费陷阱，情绪以愤怒与无奈为主，同时衍生出对电商监管、干洗行业规范的讨论。中期（680小时），舆论两极分化，嘲讽当事人“缺乏常识”成为主流，戏谑情绪凸显，部分质疑事件真实性或探讨消费观。后期（681-682小时），争议转向皮草真伪与伦理问题，话题进一步泛化至仿制材质、旧衣处理等社会现象，但批评与调侃基调未变。整体来看，事件从具体个案逐步升级为对消费教育、行业监管及社会价值观的广泛反思，舆论焦点从技术争议转向更深层的社会议题。",0,"[0, 0, 0, 0, 0, 0, 0, 0, 0, 0, 0, 0, 1, 0, 0, 0, 0, 0, 0, 0, 0, 0, 0, 0, 0, 0, 0, 0, 0, 0, 0, 0, 0, 0, 0, 0, 0, 0, 0, 0, 0, 0, 0, 0, 0, 0, 0, 0, 0, 0, 0, 0, 1, 0, 0, 0, 0, 0, 0, 0, 0, 0, 0, 0, 0, 0, 0, 0, 0, 0, 0, 0, 0, 0, 0, 0, 0, 0, 0, 0, 0, 0, 0, 0, 0, 0, 0, 0, 0, 0, 0, 1, 0, 0, 0, 0, 0, 0, 0, 0, 0, 0, 0, 0, 0, 0, 0, 0, 0, 0, 0, 0, 0, 0, 0, 0, 1, 0, 0, 0, 0, 0, 0, 0, 0, 0, 0, 0, 0, 0, 0, 0, 1, 0, 0, 0, 0, 0, 1, 0, 0, 0, 0, 0, 0, 0, 0, 0, 0, 0, 0, 0, 0, 0, 0, 0, 0, 0, 0, 0, 0, 0, 0, 0, 0, 0, 0, 0, 0, 0, 0, 0, 0, 0, 0, 0, 0, 0, 0, 0, 2, 0, 0, 0, 0, 0, 0, 0, 0, 0, 0, 0, 0, 0, 0, 0, 0, 0, 0, 0, 0, 0, 0, 0, 0, 0, 0, 0, 0, 0, 0, 0, 0, 0, 1, 0, 0, 0, 0, 0, 0, 0, 0, 0, 0, 0, 0, 0, 0, 0, 0, 0, 0, 0, 0, 1, 0, 0, 0, 0, 0, 0, 0, 0, 0, 0, 0, 0, 0, 1, 0, 1, 0, 0, 0, 0, 0, 0, 0, 0, 0, 0, 0, 0, 0, 0, 0, 0, 1, 0, 0, 0, 0, 0, 0, 0, 0, 0, 0, 0, 0, 0, 0, 0, 0, 0, 0, 0, 0, 0, 0, 0, 0, 0, 0, 0, 0, 0, 0, 0, 0, 0, 0, 0, 0, 0, 0, 0, 0, 0, 0, 0, 0, 0, 0, 0, 0, 0, 1, 0, 0, 0, 0, 0, 0, 0, 0, 0, 0, 0, 0, 0, 0, 0, 0, 0, 0, 0, 0, 0, 0, 0, 0, 0, 0, 0, 0, 0, 0, 0, 0, 0, 0, 0, 0, 0, 1, 1, 0, 0, 0, 0, 0, 1, 0, 0, 0, 0, 0, 0, 0, 0, 0, 0, 0, 0, 0, 0, 0, 0, 0, 0, 0, 0, 0, 0, 0, 0, 0, 0, 0, 0, 0, 0, 0, 1, 0, 1, 0, 0, 0, 0, 0, 0, 0, 0, 1, 0, 0, 0, 0, 0, 0, 0, 0, 0, 0, 0, 0, 0, 0, 0, 0, 0, 0, 1, 0, 0, 0, 1, 0, 0, 0, 0, 0, 0, 0, 0, 0, 0, 0, 0, 1, 0, 0, 0, 0, 0, 0, 0, 0, 0, 0, 0, 0, 0, 0, 0, 0, 0, 0, 0, 0, 0, 1, 0, 0, 0, 0, 0, 0, 0, 0, 0, 0, 0, 0, 0, 0, 0, 0, 0, 0, 0, 0, 0, 0, 0, 0, 0, 0, 0, 0, 0, 0, 0, 0, 0, 0, 0, 0, 0, 0, 0, 0, 0, 0, 0, 0, 0, 0, 0, 0, 0, 0, 0, 0, 0, 0, 0, 0, 0, 0, 0, 0, 0, 0, 0, 0, 0, 0, 0, 0, 0, 0, 0, 0, 0, 0, 0, 0, 0, 0, 0, 1, 1, 0, 0, 0, 0, 0, 0, 0, 0, 0, 0, 0, 0, 0, 0, 0, 0, 0, 0, 0, 1, 0, 0, 0, 1, 0, 0, 0, 0, 0, 0, 0, 0, 0, 0, 0, 0, 0, 0, 0, 0, 0, 1, 0, 0, 0, 0, 0, 0, 0, 0, 0, 0, 0, 0, 0, 0, 0, 0, 0, 0, 0, 0, 0, 0, 0, 1, 0, 0, 0, 0, 0, 0, 0, 0, 0, 0, 0, 0, 0, 0, 0, 0, 0, 0, 0, 0, 0, 0, 0, 0, 0, 0, 0, 0, 0, 0, 0, 0, 0, 0, 0, 0, 0, 0, 0, 0, 0, 0, 0, 0, 0, 0, 4, 0, 0, 2, 1, 1, 2, 0, 1, 3, 1, 2, 0, 0, 1, 0, 1, 0, 0, 1, 4, 9, 21, 7]"
虞书欣甩开刘雨昕的手_最终事件描述,"**事件总述**：  
虞书欣被指“甩开刘雨昕手”事件始于一段争议视频，初期舆论聚焦其“引导粉丝网暴素人”的指控，旧事重提引发负面声浪。12小时后舆论对立加剧，支持者认为她遭遇恶意解读，反对者则批评其转发行为间接煽动网暴。随后3天内，争议持续两极分化：粉丝强调其澄清合理，质疑素人实为职黑，并上升至性别双标（对比男星案例）；批评方则指责其未尽公众人物责任。事件中期，焦点从“甩手”转向明星与素人互动边界、饭圈生态及法律维权呼吁，双方均要求报警解决。后期部分理性声音出现，指出视频可能存在剪辑误导，但粉丝与黑粉对立仍存，舆情最终呈现“事件淡化但矛盾未解”的状态，核心矛盾仍围绕网暴责任、明星回应尺度及性别议题展开。（198字）",1,"[1, 0, 0, 0, 0, 0, 1, 2, 0, 2, 2, 1, 28, 12, 5, 3, 7, 4, 3, 3, 0, 0, 2, 1, 0, 3, 3, 4, 4, 1, 4, 7, 3, 1, 2, 1, 0, 3, 1, 3, 0, 5, 1, 0, 1, 0, 0, 0, 1, 1, 1, 4, 3, 0, 2, 1, 3, 1, 0, 2, 3, 4, 3, 4, 1, 6, 2, 3, 0, 2, 0, 0, 0, 2, 4, 14, 11, 20, 23, 13, 11, 13, 13, 23, 45, 41, 34, 37, 33, 33, 24, 10, 9, 6, 8, 1, 0, 7, 9, 11, 11, 16, 8, 21]"
24-4韩网评IVE国风争议_最终事件描述,"**24-4韩网评IVE国风争议事件总述**  
事件始于IVE新MV中中国元素（如中国结、凤凰簪、祥云等）被质疑“文化挪用”，中国网友要求星船公司标注来源未获回应，舆论迅速发酵。初期争议围绕“公司责任vs艺人连带”，粉丝内部分化（如张元英粉丝割席、安宥真被集中指责）。随着时间推移，中方情绪激化，指控韩国“系统性偷文化”，愤怒升级为集体抵制，要求封杀全团、断中输，并呼吁官方介入。韩网部分评论被批“倒打一耙”，中韩网民对立加剧。争议焦点从娱乐层面上升至文化主权，网友外网发起“文化挪用”标签行动，并关联韩国申遗等历史争议。后期舆情呈现高对抗性，理性声音被淹没，脱粉潮与民族主义情绪主导，最终演变为涉及国家文化认同的广泛社会争议。（198字）",1,"[1, 0, 0, 0, 1, 0, 1, 0, 1, 0, 0, 0, 0, 0, 0, 2, 0, 2, 0, 1, 0, 0, 0, 0, 0, 0, 0, 2, 3, 2, 0, 1, 0, 0, 0, 0, 0, 0, 0, 0, 0, 0, 1, 0, 1, 0, 1, 0, 0, 0, 0, 1, 0, 0, 1, 0, 0, 0, 0, 0, 0, 0, 0, 0, 0, 0, 0, 0, 0, 0, 0, 0, 0, 0, 1, 0, 0, 0, 0, 0, 1, 0, 0, 0, 0, 0, 0, 0, 0, 0, 0, 0, 0, 0, 0, 0, 0, 0, 0, 1, 0, 0, 1, 6, 3, 0, 1, 0, 0, 0, 0, 0, 0, 0, 3, 0, 3, 0, 4, 2, 5, 7, 55, 14, 54, 20, 10, 18, 10, 16, 5, 5, 3, 3, 3, 1, 5, 9, 4, 4, 2, 8, 8, 5, 8, 9, 30, 12, 11, 13, 9, 9, 8, 8, 6, 1, 1, 2, 1, 1, 9, 3, 12, 10, 10, 8, 4, 7, 7, 8, 1, 8, 6, 11, 14, 14, 12, 9, 2, 2, 1, 2, 1, 1, 5, 4, 6, 8, 9, 5, 5, 1, 11, 7, 6, 5, 7, 6, 5, 1, 3, 7, 3, 1, 1, 0, 0, 1, 2, 3, 5, 2, 5, 5, 1, 4, 3, 1, 2, 4, 2, 1, 2, 2, 0, 1, 0, 0, 0, 1, 2, 1, 0, 0, 1, 1, 2, 1, 1, 0, 0, 1, 2, 3, 0, 1, 1, 4, 2, 3, 2, 0, 0, 0, 0, 1, 1, 0, 1, 0, 2, 1, 0, 0, 2, 1, 0, 5, 2, 0, 0, 2, 0, 1, 0, 0, 0, 0, 0, 0, 0, 0, 0, 0, 0, 0, 1, 0, 0, 0, 2, 4, 2, 3, 5, 4, 1, 0, 0, 0, 0, 0, 0, 2, 5, 3, 2, 2, 3, 1, 0, 1, 3, 1, 0, 0, 1, 1, 1, 1, 0, 1, 1, 0, 0, 1, 0, 0, 0, 0, 0, 0, 0, 0, 0, 0, 0, 0, 0, 0, 0, 0, 1, 0, 0, 0, 0, 1, 0, 0, 0, 0, 0, 0, 0, 0, 0, 1, 2, 0, 0, 0, 0, 1, 3, 0, 0, 2, 0, 0, 0, 0, 0, 0, 0, 0, 1, 1, 0, 0, 1, 0, 0, 1, 0, 0, 0, 1, 0, 1, 2, 2, 1, 1, 0, 0, 0, 0, 1, 0, 0, 0, 0, 0, 0, 0, 1, 0, 1, 0, 0, 0, 0, 0, 0, 1, 0, 0, 0, 0, 0, 0, 0, 0, 0, 0, 0, 0, 0, 1, 0, 0, 0, 0, 0, 0, 0, 1, 0, 0, 0, 0, 0, 0, 0, 0, 0, 0, 0, 0, 3, 1, 0, 1, 0, 0, 0, 1, 1, 0, 0, 0, 0, 0, 1, 0, 0, 0, 0, 0, 0, 0, 3, 1, 1, 1, 1, 2, 0, 0, 2, 0, 0, 0, 2, 3, 11, 3, 3, 1, 0, 1, 0, 0, 0, 0, 2, 3, 1, 3, 2, 7, 1, 0, 2, 1, 1, 3, 9, 0, 1, 1, 1, 0, 0, 0, 0, 1, 1, 0, 1, 1, 0, 1, 3, 1, 1, 0, 0, 0, 0, 1, 1, 0, 1, 1, 1, 3, 0, 0, 0, 1, 0, 0, 1, 0, 5, 2, 2, 0, 2, 0, 2, 0, 0, 1, 1, 0, 2, 1, 1, 3, 3, 0, 0, 0, 1, 0, 0, 2, 0, 3, 2, 2, 3, 1, 3, 1, 1, 0, 2, 2, 2, 4, 1, 0, 0, 0, 0, 0, 0, 0, 0, 1, 1, 1, 1, 1, 0, 0, 1, 0, 0, 0, 0, 1, 2, 0, 1, 1, 1, 0, 0, 0, 0, 0, 0, 0, 0, 0, 1, 0, 0, 0, 0, 0, 0, 0, 1, 0, 1, 0, 0, 0, 0, 0, 0, 0, 0, 0, 0, 1, 2, 0, 0, 1, 0, 0, 0, 0, 0, 1, 1, 1, 0, 0, 1, 0, 0, 0, 0, 0, 1, 1, 0, 0, 1, 0, 0, 0, 1, 3, 4, 3, 2, 1, 0, 0, 1, 0, 0, 0, 0, 0, 0, 0, 0, 0, 1, 0, 0, 1, 0, 0, 0, 0, 0, 0, 0, 1, 0, 0, 0, 0, 0, 1, 0, 1, 0, 0, 0, 0, 0, 1, 2, 5, 3, 0, 0, 0, 0, 0, 0, 3, 2, 1, 0, 2, 1, 3, 0, 0, 0, 0, 0, 1, 1, 0, 1, 4, 1, 0, 1, 1, 0, 2, 0, 0, 0, 1, 1, 0, 0, 0, 0, 0, 0, 0, 0, 0, 2, 1, 0, 0, 1, 1, 0, 0, 0, 0, 0, 1, 1, 1, 1, 0, 0, 0, 0, 0, 0, 0, 0, 0, 0, 0, 0, 0, 0, 1, 0, 1, 1, 0, 1, 3, 0, 1, 3, 2, 2, 0, 0, 0, 0, 0, 0, 1, 1, 3, 1, 0, 0, 1, 4, 0, 0, 0, 0, 5, 1, 1, 0, 0, 1, 0, 0, 0, 0, 0, 0, 0, 0, 0, 1, 1, 1, 1, 1, 1, 0, 0, 0, 0, 0, 0, 0, 0, 0, 0, 0, 0, 0, 0, 0, 0, 0, 0, 0, 0, 4, 0, 0, 0, 1, 1, 0, 0, 0, 0, 0, 0, 1, 0, 0, 0, 0, 0, 0, 0, 1, 1, 0, 0, 0, 0, 0, 0, 0, 0, 2, 0, 0, 0, 1, 1, 0, 0, 0, 0, 0, 0, 0, 0, 0, 1, 0, 1, 3, 0, 0, 1, 0, 0, 1, 0, 0, 0, 0, 0, 0, 0, 0, 0, 0, 0, 0, 0, 1, 1, 0, 0, 0, 0, 0, 0, 1, 0, 1, 0, 0, 0, 0, 0, 0, 0, 0, 0, 0, 0, 0, 0, 0, 0, 0, 0, 0, 0, 0, 1, 0, 0, 0, 0, 0, 0, 0, 1, 0, 0, 0, 0, 0, 0, 0, 0, 0, 0, 0, 0, 0, 0, 0, 0, 0, 0, 0, 0, 0, 0, 0, 0, 1, 1, 0, 0, 0, 0, 0, 0, 0, 1, 1, 0, 1, 0, 0, 0, 0, 0, 0, 0, 0, 0, 0, 0, 0, 0, 0, 0, 0, 0, 0, 0, 0, 1, 0, 0, 0, 0, 0, 0, 0, 0, 0, 0, 0, 0, 0, 1, 0, 0, 0, 0, 0, 0, 0, 0, 0, 1, 0, 0, 0, 0, 1, 0, 0, 0, 1, 0, 0, 1, 0, 0, 0, 0, 0, 0, 0, 0, 0, 0, 0, 0, 0, 0, 1, 0, 0, 0, 0, 0, 0, 0, 0, 0, 0, 0, 0, 0, 0, 0, 0, 0, 0, 1, 0, 0, 1, 0, 0, 0, 0, 0, 1, 0, 0, 0, 0, 0, 0, 0, 0, 0, 0, 0, 0, 0, 0, 0, 0, 0, 0, 0, 0, 0, 0, 0, 0, 0, 0, 0, 0, 0, 0, 0, 0, 0, 0, 0, 0, 0, 0, 0, 0, 0, 0, 0, 0, 0, 0, 0, 0, 0, 0, 0, 0, 0, 1, 0, 0, 0, 0, 0, 0, 0, 0, 0, 0, 0, 0, 0, 0, 0, 0, 0, 0, 0, 0, 0, 0, 0, 0, 0, 0, 0, 0, 0, 0, 0, 0, 0, 0, 0, 0, 0, 0, 0, 0, 0, 0, 0, 0, 0, 0, 0, 0, 0, 0, 0, 0, 0, 0, 0, 0, 0, 0, 0, 0, 0, 0, 0, 0, 0, 0, 0, 0, 0, 0, 0, 0, 0, 0, 0, 0, 0, 0, 0, 0, 0, 0, 0, 0, 0, 0, 0, 0, 0, 0, 0, 0, 0, 0, 0, 0, 0, 0, 0, 0, 0, 0, 0, 0, 0, 0, 0, 0, 0, 0, 0, 0, 0, 0, 3, 1, 0, 0, 0, 0, 0, 0, 0, 0, 0, 0, 0, 0, 0, 0, 0, 0, 0, 0, 0, 0, 0, 0, 0, 0, 0, 0, 0, 0, 0, 0, 0, 0, 0, 0, 0, 0, 0, 0, 0, 0, 0, 0, 0, 0, 0, 1, 1, 0, 0, 0, 0, 0, 1, 0, 0, 0, 0, 0, 0, 0, 0, 0, 1, 0, 0, 0, 0, 0, 0, 0, 1, 0, 1, 1, 0, 0, 0, 0, 0, 0, 0, 0, 0, 0, 0, 0, 0, 0, 0, 0, 0, 0, 0, 0, 0, 0, 0, 0, 0, 0, 0, 0, 0, 0, 0, 0, 0, 0, 0, 0, 0, 0, 0, 0, 0, 0, 0, 0, 0, 0, 0, 0, 0, 0, 0, 0, 0, 0, 0, 0, 0, 0, 0, 0, 0, 0, 0, 0, 0, 0, 0, 0, 0, 0, 0, 0, 0, 0, 0, 0, 0, 0, 0, 0, 0, 0, 0, 0, 0, 0, 0, 0, 0, 0, 0, 0, 0, 0, 0, 1, 0, 0, 0, 0, 0, 0, 0, 0, 0, 0, 0, 0, 0, 0, 0, 0, 0, 0, 0, 0, 0, 0, 0, 0, 0, 0, 0, 0, 0, 0, 0, 0, 0, 0, 0, 0, 2, 0, 0, 0, 0, 0, 0, 0, 0, 0, 0, 0, 0, 0, 0, 0, 0, 0, 0, 0, 0, 0, 0, 0, 0, 0, 0, 0, 0, 0, 1, 0, 0, 0, 0, 0, 0, 0, 0, 0, 0, 0, 0, 0, 0, 0, 0, 0, 0, 0, 1, 0, 0, 1, 0, 0, 0, 0, 0, 1, 0, 0, 0, 0, 0, 0, 0, 0, 0, 0, 0, 0, 0, 0, 0, 0, 0, 0, 0, 0, 0, 0, 0, 0, 0, 0, 0, 0, 0, 0, 0, 0, 0, 0, 0, 1, 0, 0, 0, 0, 0, 0, 0, 0, 0, 0, 0, 0, 0, 0, 0, 0, 0, 0, 0, 0, 0, 0, 0, 0, 0, 0, 0, 0, 0, 0, 0, 0, 0, 0, 0, 0, 0, 0, 0, 0, 0, 0, 0, 0, 0, 0, 0, 0, 0, 0, 0, 0, 0, 0, 0, 0, 0, 0, 0, 0, 0, 0, 0, 0, 0, 0, 0, 0, 0, 0, 0, 0, 0, 0, 0, 0, 0, 0, 0, 0, 0, 0, 0, 0, 0, 0, 0, 0, 0, 0, 0, 0, 0, 0, 0, 0, 0, 0, 0, 0, 0, 0, 0, 0, 0, 0, 0, 0, 0, 0, 0, 0, 0, 0, 0, 0, 0, 0, 0, 0, 0, 0, 0, 0, 0, 0, 0, 0, 0, 0, 0, 0, 0, 0, 0, 0, 0, 0, 0, 1, 0, 0, 0, 0, 0, 0, 0, 0, 0, 1, 0, 0, 0, 0, 0, 0, 0, 0, 0, 0, 0, 0, 0, 0, 0, 0, 0, 0, 0, 0, 0, 0, 0, 0, 0, 0, 1, 0, 0, 0, 0, 0, 0, 0, 0, 0, 0, 0, 0, 0, 0, 0, 0, 0, 0, 0, 0, 0, 0, 1, 1, 0, 1, 1]"
极氪车主高速上自动驾驶时盖被睡觉_最终事件描述,极氪车主高速自动驾驶盖被睡觉事件引发持续7天的舆论风暴，呈现明显的阶段性演变。初期（1-12小时）舆论两极分化：支持者肯定技术探索价值，反对者则强烈质疑安全风险，争议聚焦技术成熟度与法律边界，伴随误关联华为等认知混乱。中期（13-78小时）讨论深化，安全担忧成主流，公众质疑L2级辅助驾驶被滥用，要求明确责任划分与法律处罚，车企宣传误导性成为新焦点。后期（79-514小时）舆论趋于一致，超80%声音谴责车主危险驾驶危害公共安全，讽刺与愤怒情绪交织，呼吁加强监管与技术改进。事件全程凸显公众对自动驾驶安全性的高度敏感，反映出技术超前与法规滞后、厂商宣传与用户认知的核心矛盾，最终推动社会对智能驾驶伦理与行业规范的深度反思。（198字）,1,"[6, 3, 8, 9, 2, 1, 0, 0, 0, 1, 1, 4, 6, 3, 2, 0, 0, 3, 4, 4, 4, 4, 1, 5, 1, 1, 1, 0, 0, 0, 0, 0, 1, 0, 1, 0, 0, 0, 0, 0, 0, 0, 0, 0, 0, 0, 0, 0, 0, 0, 0, 0, 0, 0, 0, 0, 1, 1, 0, 0, 0, 0, 0, 0, 0, 0, 0, 0, 0, 0, 0, 1, 1, 4, 6, 4, 0, 3, 4, 15, 18, 10, 3, 0, 1, 3, 1, 2, 3, 2, 5, 1, 1, 2, 1, 4, 2, 2, 4, 2, 3, 1, 0, 0, 2, 1, 1, 4, 3, 0, 2, 3, 3, 1, 1, 0, 2, 2, 1, 3, 5, 5, 3, 0, 0, 0, 0, 1, 0, 0, 1, 1, 2, 0, 2, 1, 0, 0, 0, 1, 0, 2, 0, 1, 0, 1, 0, 0, 0, 0, 0, 0, 0, 0, 0, 9, 78, 232, 191, 31, 2, 1, 2, 1, 0, 0, 4, 42, 0, 0, 2, 6, 3, 1, 1, 1, 2, 2, 5, 4, 4, 5, 3, 2, 2, 1, 2, 5, 2, 3, 1, 2, 1, 3, 2, 1, 1, 0, 0, 0, 0, 1, 2, 0, 3, 1, 0, 0, 1, 1, 0, 0, 0, 1, 1, 1, 0, 1, 1, 1, 1, 0, 0, 1, 1, 0, 0, 0, 0, 0, 1, 0, 1, 0, 1, 0, 2, 2, 2, 2, 2, 1, 0, 1, 0, 0, 0, 1, 0, 0, 1, 0, 0, 0, 1, 0, 1, 0, 0, 0, 1, 0, 0, 0, 0, 1, 0, 0, 1, 0, 0, 0, 0, 0, 0, 1, 1, 0, 0, 0, 0, 0, 1, 0, 2, 0, 0, 0, 0, 0, 0, 0, 0, 0, 0, 0, 0, 0, 0, 0, 0, 0, 1, 0, 0, 0, 0, 0, 0, 0, 0, 0, 0, 0, 0, 0, 0, 0, 0, 0, 0, 0, 0, 0, 0, 0, 0, 0, 0, 0, 0, 0, 0, 0, 1, 0, 0, 0, 0, 0, 0, 0, 0, 0, 0, 1, 0, 0, 0, 0, 0, 0, 0, 1, 0, 0, 0, 0, 0, 0, 0, 0, 0, 0, 0, 0, 0, 0, 0, 0, 0, 0, 0, 0, 0, 0, 0, 1, 0, 0, 0, 0, 1, 0, 0, 0, 1, 0, 0, 0, 0, 0, 0, 0, 2, 0, 1, 0, 0, 0, 0, 0, 0, 0, 0, 0, 0, 0, 0, 0, 0, 0, 0, 0, 0, 1, 0, 0, 0, 1, 0, 1, 0, 0, 0, 0, 0, 1, 0, 0, 1, 0, 0, 0, 0, 0, 0, 0, 0, 0, 0, 0, 0, 0, 0, 0, 0, 0, 0, 0, 0, 0, 0, 0, 0, 0, 0, 0, 0, 0, 0, 0, 0, 0, 0, 0, 0, 0, 0, 0, 0, 0, 0, 0, 0, 0, 0, 1, 0, 0, 0, 0, 0, 0, 0, 0, 0, 0, 0, 0, 1, 0, 0, 0, 0, 1, 0, 2, 0, 0, 0, 0, 0, 0, 0, 0, 0, 0, 0, 0, 0, 0, 0, 1]"
蒙牛净利润暴跌98%_最终事件描述,蒙牛净利润暴跌98%事件持续发酵，舆论呈现明显的负面主导趋势，暴露出消费者对国产乳业的深度信任危机。初期（1-103小时），舆论聚焦产品质量问题（如掺水、三聚氰胺历史）、行业标准争议及渠道乱象，消费者普遍抵制并转向光明、进口奶等替代品牌。中期（104小时），质疑升级至产品双标、添加剂滥用及校园奶质量，调侃性言论（如“兑水盈利”）反映品牌信任崩塌。后期（105小时），行业共性问题（奶味变淡、常温奶口感差）被广泛讨论，新疆奶等地方品牌受推崇，同时市场战略与管理能力遭质疑，与伊利增长形成反差。整体来看，事件由财务暴雷触发，但迅速演变为对蒙牛品牌声誉和乳业标准的系统性批判，消费者情绪从不满转向嘲讽与放弃，品牌修复面临严峻挑战。,0,"[1, 0, 0, 1, 0, 0, 0, 1, 1, 0, 2, 2, 0, 0, 0, 0, 0, 0, 0, 0, 0, 0, 1, 0, 0, 0, 0, 0, 0, 0, 0, 0, 0, 1, 0, 1, 2, 0, 0, 0, 0, 0, 0, 0, 0, 0, 0, 1, 0, 0, 0, 0, 1, 0, 0, 2, 0, 4, 5, 2, 1, 0, 3, 1, 0, 0, 0, 0, 0, 0, 1, 0, 2, 2, 0, 3, 2, 3, 1, 1, 1, 2, 2, 0, 1, 2, 1, 6, 1, 1, 0, 2, 1, 0, 9, 1, 2, 5, 5, 3, 4, 1, 1, 7, 26]"
